﻿,0
0,"바위 절벽과 바다는 절경이나... 섬 전체가 거대한 쓰레기장 느낌. 바닷가 곳곳에 온갖 쓰레기에 썪는 냄새 진동, 보기만 해도 역겨운 거품인 썪은 바다 물, 폐허처럼 버려진 카페, 여기저기 폐스티로폼, 폐건축자재.... 전기자동차 호객으로 어지러운건 차치하고... 더러워서 완전 최악. 제주도 관리 사각지역인 듯. "
1,예전에 갔던 기억으로 우도를 오랜만에 방문했는데 차도 많아졌고 너무 복잡해져버린 환경에 조금은 실망했음. 사람도 너무 많았고 음식점도 딱히 방문할 만한 곳도 마땅치 않았음.
2,"3만원 주고 전기차 시간 무제한...이라고 하지만 마지막 배가 5시여서, 5시까지 빌려서 타고 다녔네요. 크게 특별한 볼거리는 없는 것 같고, 그냥 전기차를 타러 오는 느낌? 그렇다고 걸어서 다니기에는 엄청 큰 편이고, 전기차로 한 번 쉭 돌아보는 것에 큰 의미가 있나 싶기도 합니다."
3,"주머니 사정이 넉넉하지 않다면 순환 버스를 6000원에 이용하면되고, 넉넉하면 스쿠터나 전기차를 대여하면된다.가격은 25000원정도인데 현금 결제 유도한다.딱 한바퀴 돌아보고 해변 두군데 보면 끝난다.풍광은 멋있지만 물가는 제주도보다도 더 비싸다."
4,"약간 비온다고 해서 별 생각없이 우도갔다가 갑자기 폭우가 내려서 제대로 보지도 못하고 돌아왔어요. 우도가 걷기에는 조금 넓은 지역이라 우도 내에서 미니 전동차(ATV같은 유형)를 빌려서(업체가 매우 많음) 그거를 타고 1시간에서 1시간 반 정도 둘러보는 시스템이 보편화되어 있는데 단시간에 워낙 많은 폭우가 내려서 곳곳에 물웅덩이가 생겼고, 물 웅덩이들을 지나갈 수밖에 없게 도로가 구성되어있다보니 그날 대부분의 전동차가 주행중 운행중지되어(하단에 물이 들어가면 고장이 나더라고요) 제대로 둘러보지도 못하고, 우비를 입었음에도 다 젖어서 바로 도망치듯 우도를 빠져나왔어요. 기후변화가 너무 갑작스럽게 일어나서 제대로 대처하지 못해서 망연자실했던 사람들 얼굴이 지금도 생생하네요. 맑은 날에 갔으면 어땠을까 싶어요."
5,"배에서 내려서 어디로 이동하지 마시고 바로 무언가를 빌려서 이동하셔야 고생 안 하세요.전 배에서 내린 후 우도봉까지 가까운 것 같아서 걸어 갔는데 완전 잘못된 생각...게다가 천진항 쪽으로 되돌아 가는 버스는 잘 오지 않더군요. ㅜㅜ줄은 너무 길고 버스는 오지 않고 해서 결국 천진항쪽까지 또 걸어 가서전기차를 빌려 겨우 우도 한 바퀴를 돌고 왔네요.안개가 낀 날이라 우도봉을 제대로 보진 못했고..atv체험등 이것저것 체험하고 온다면 나쁘지 않아요.(물론 돈이 많이 들겠지만요..)전기차는 생각보다 재밌으니 저처럼 고생할 것 없이 처음부터 빌려서 타시길요..다만 오전에 빌리는 가격과 오후에 빌리는 가격이 많이 차이나더라구요,저는 오후에 현금으로 할인된 가격에 빌렸는데 오전엔 훨씬 비쌌을 것 같았어요.비싸도 고생 안 하려면 덜 비싼 자전거라도 빌리셔야 해요.안 그러면 하염없이 기약없는 버스를 기다리시거나 걸으셔야 합니다."
6,10대 초반 혹은 그 이전에 갔던 우도는 조용한 도시였는데 20대가 되어 가보니창렬도 이런 창렬이 없습니다 옛날 전도연씨였나 우도를 배경으로한 영화가 나온 이후에는 많이 변색된것같아 아쉬움이 많이 남는 곳입니다 한적하게 바람이나 쐰다면 좋은 곳이지만 왠만한 식당은 전부 비쌉니다
7,어딜가도 경치가 좋습니다한적하니 기분도좋고 공기도좋고 주변 카페들도 진짜 아기자기하니 좋네요 제주에서 살고싶단생각이 많이 들었습니다
8,"우도는 자주가는편이라 갈때마다 느끼는것이지만 교통이불편하고 자전거와오토바이등..무질서한 통행으로 여러번 교통사고로 이어질뻔한 아찔한경험이있다.그리고 많은음식점과 점포(아이스크림,편의점)에서도 제주에서보다 훨씬비싼요금으로 장사를하고있다.맛이좋고 음식에 질이높다면 괜찮지만 별다른것도없이 우도안에서는 선택에폭이좁아 울며겨자먹기로 먹을수밖에없다."
9,"우도를 가기위해 선편을 구매하는과정에서 렌트카 열쇄를 분실해서 애를 태우던중  선사직원들이 여기저기 헤멘과정에 가까스로 열쇄를 찾아줘서 너무감사했던 부분하고,우도투어를 하는과정에서 네비게션이 잘되지않아 우도민께 목적지를 얘기하자 거긴 초행길엔  찾기가 어려울꺼라면 직접 탑승후 아래를 해주어 우도투어를 무사히 마친점에 대해 감사를 드리고 싶다"
10,자본주의의 산물처럼 상업화 된 건물과깨끗한 바다경관이 극명하게 대조되는쓸쓸한 섬처럼 느껴집니다.다시 가보고 싶지는 않은.
11,2005년도에 온 경험이 있어 다시 방문하였는데 실질적으로 스쿠터나 ATV들에게 점령당한 곳 입니다. 그리고 우도 아이스크림이 맛있다고 해서 가봤는데 이마트에서 파는 노브랜드 과자 가지고 파는거 보고 다신 오지 않겠다고 마음 먹었습니다. (사실 그 아이스크림이 맛있긴 했습니다.) 그냥 우리가 생각하는 제주도보다 그냥 관광객을 보러 간다면 추천함. 그리고 섬 물가가 다들 그렇지만 육지 물가 생각하면 안됨. 그리고 사실 상 제주도의 모습은 많이 사라졌다고 볼 수 있음. 별로 추천하지 않음 차라리 제주도에서 우도를 바라보는게 좋음
12,비싸지만 우도하면 역시 땅콩 아이스크림이라서 추천합니다.또한 쓰레기가 많은 점 역시 주의하시기 바라며 보트타는 것 역시 추천합니다.
13,제주 본섬보다 낫다는 추천으로 가족여행중 방문.가족 모두 제주보다 만족스럽지 못하고 돌아감.한바퀴 돌고 주전부리하다 돌아감.
14,물가 넘나 비싸구요..엄청덥구요..본섬에서 렌터카 하루3만원 꼴로 빌렸는데여기서 전기차 반나절 빌리는데 6만원이라뇨...음식들도 참...하....총채적 난국이구요...아 여기 만원?만오천원주고 보트 타구 나가서 우도 구경 하는거 있는데 그건 좋았어요 귿귿혹시나 우도 가시면 보트타는건 해볼만해요그 까만모래 있는 해변에서 탔어요 그건 진짜 재밌었음ㅇㅇ보트 덕분에 별 두개 주는거임...우도는 개별루
15,이제 너무 상업화되서 예전 작은 섬이었던 우도의 느낌이 많이 퇴색됐어요. 오토바이나 자전거도 너무 많이 다니고.. 그냥 당일치기로 한바퀴 돌아보는데 의미가 있을뿐입니다. 해변도 협재가 더 낫구요
16,우도에 도착했다. 렌트카를 우도로 못가게 해놓았다. 더워 디지겠는데 누가 걸어다니겠는가!   걸어다닐수 없는섬 너도나도 반강제적으로 바이크를 렌탈한다. 3시간 현금 45000원! 으잉? 제주도 전기차 삼일 해서 5만원에 빌렸는데 툭툭이 같이생긴 삼륜 바이크 세시간에 45000원 이란다. 현금가로 카드는5만원!  심지어는 보험도 안된다.  그리고 지미 아이스크림 ....5천원!  빵빠레 한입먹을때마다 땅콩세개 같이 씹어라..... 그러면됨.  제주도도 물가가 비싼편이지만 정말이지 너무한다. 대한민국 국민이든 누구든 절대가지마라 후회한다.
17,"우도 배타고 가서 한군데 제외하곤 뱔로 볼 것이 없었다. 우도 땅꽁 아이스크림은 먹을만함,  우도 땅콩 바싸게 먹을 정도로 맛이 탁월한지는 각자의 주관적인 판단에"
18,시원했던 뱃바람과위트있는 버스기사님이 기억에 남네요다음엔 여름철에 바다에 한번 들어가보고 싶네요
19,"첫 제주도 여행은 자전거를 타고 제주 한 바퀴를 일주하는 터라 우도에 방문할 메리트를 못느꼈고, 두 번째 여행에 가게 되었는데 면허가 없어 렌트를 하지 못해 버스로 한 바퀴 둘러봤습니다. 많은 관광객들의 재미의 절반이 줄어버렸달까요. 사람이 너무 많이 북적거려 한적한 바다를 보고 싶다면 그건 비추!"
20,바다 색깔이 너무너무 이뻤다. 하지만 길이 매우 좁아 운전하긴 약간 무리가 있다. 걸어 다닐 수 도 없고 우도에서 이용가능한 교통을 찾는다는게 조금 번거롭다. 
21,사람이 너무 심하게 많아서 별로 즐기지 못 했어요. 그냥 사람들 머리 사이로 보이는 풍경을 빠르게 감상하는 걸로 만족했어요
22,차를 가지고 들어가야 우도 내 이동이 원활합니다.안에 버스가 다니긴 하는데 시간이나 동선이 별로에요. 우도 들어가는 배편시간을 미리 찾아보고 예약해야 돼요. 사람이 굉장히 많습니다
23,우도는 좋지만.. 전기자동차? 같은거랑 스쿠터 타는데 너무 비싸다. 버스 타고 돌아다녔는데... 버스타니까 우도의 경치를 제대로 못 봐서 아쉽다. 성수기에 가면 사람도 너무 많음....
24,우도는 배타고가야해서 안가려고 했는데버스타고 다닌다길래 갔다왔답니다.설명도 잘해주시고 언덕올라가서 바다구경도 잘하고왔네요 땅콩아이스크림도 먹었구요ㅎ
25,"제주 올레길 완주시 우도코스를 방문하여 일주하였음. 별다른 경치없음에도 사람이 몰리는 것은 ""섬 중의 섬""이라는 마켓팅 탓이 아닐까 생각함. 우도에서 보는 성산일출봉의 앵글은 특이함."
26,관광객이 매우 많았다. 배 타러 들어가는 길에 차가 엄청 많으니 걸어가시길 추천. 차 빌려서 타는 사람이 많아서 일반 자전거 타고 다닌 나는 조금 위험을 느꼈다. 
27,첫번째 버스정류장에서 땅콩아이스크림 먹고 멋진 절벽보고 보트 만원에 타는것까지는 괜찮으나 그 이후 아이들과의 수영때문이 아니라면 올 필요는 없다
28,"작은 섬 안에 뷰 포인트가 몇 군데로 정해져 있어서, 가는 곳마다 사람이 정말 많아요. 가는 곳마다 카페, 음식점들도 많고요. 검멀레, 서빈백사, 하고수동, 비양도 등 가는 곳마다 상태는 비슷비슷합니다. 하고수동 해변은 좁은 골목에 자동차, 오토바이, 자전거가 엉켜서 교통 체증이 생길 정도에요. 이렇게 사람이 많아지기 전에 다녀올걸 하는 후회도 살짝 하게 됩니다. 한 번 가봤으니 두 번은 안 갈 것 같네요."
29,가는데 배삯이 성인 5500원 정도로 저렴한 편입니다. (왕복)배는 자주있어 가기 쉽습니다.월에 따라 마지막 배 시간에 차이가 있습니다.바다가 매우 깨끗하며 렌트카를 가져가는 것 보다 스쿠터 대여를 추천합니다.대여료를 명시해놓지 않은 가게가 많아 하나하나 물어야합니다.1인 스쿠터의 경우 2시간에 15000~20000원 이었습니다.섬 외곽 도로를 따라 가다보면 예쁜 카페도 많이 있습니다.제주도 보다 물가는 좀 비싼 편입니다.참고로 성산항 주차는 유료입니다.
30,여러 사람과 우도에 여러번 가 본 사람입니다. 대부분 여행자들의 결론은'이제 가봤다.' 입니다. '우도가 그렇게 좋다던데.... ' 하는 궁금증으로 들어가고 숙제 해 냈다는 느낌으로 나오는 곳이랄까요...? 정말 아름다운 곳이라는 것 인정하지만 그것을 만끽하려면 여유있게 시간을 가지고 들어가야 좋은 곳입니다. 몇시간 여행자들과 휩쓸려 다니다가 급히 나오는 일정이라면 숙제하는 정도. 하루 정도 묵으면서 여행자가 빠져나간 조용한 해변을 걸어 본다면 그제서야 우도의 매력을 알 게 될 거예요.
31,배 시간에 맞춰 우도를 다녀왔지요특별히 차를 이용해서 관광하진 않았고그저 우도 짜장면 짬뽕먹기위에 5번째 들렸습니다신혼여행때는 우도 첫반째 짜장면집앞에슈퍼가 있었는데 신용카드 단말기가 고장나고쳐드렸던 기억도있고또한 백구랑 놀던기억도 있네요변한것은 그리 많은것 같지 않습니다짜장면 맛도 그대로이고단 가격만 조금씩 올랐네요우도등대까지는 아이들을 데리고 가기너무 힘들어 포기하고 선착장 근처에서사진도 찍으며 제주로 들어갈배를 기다렸습니다
32,우도의 인기가 올라가면서 사람들도 너무 많아지고 혼잡했어요. 예전에 갔던 우도랑은 다른 이미지라서 1박을 하지 않는다면 추천하진 않아요.
33,"우도의 경치는 아주 좋습니다. 비양도, 우도봉, 해수욕장. 그러나, 우도땅콩 가격에 놀라지마세요. 손바닥만한 봉지에 1만원에  팔던데 좀 심하다 싶어요. 우도땅콩 아이스크림은 별 맛이 아닌데 너무 비싸요. 핫도그는 정말 맛 없지만 비싸요. 경치는 좋지만 우도에 다시오면 무언가 사 먹고싶지는 않네요. 또한, 우도 해안가에 가면 각종 어구류 등의 생활쓰레기에 놀라게됩니다. 사진찍기가 불편해지는 것은 물론이거니와 경관마저 안타깝게 하네요."
34,"우도, 예쁜 섬입니다. 산호모래로 된 해수욕장도 있고 해안절벽도 볼 만 하지요. 그런데 사람이 많아도 너무 많아서 불편하네요. 일일 입도인원 제한을 하는 것이 장기적으로 우도 관광 발전을 위해 좋을 듯."
35,그리 크지 않은 섬에 아기자기한 가게들이 많이 있습니다. 여러 커플 친구 그룹들이 바이크를 빌려 여행합니다. 풍경역시 아름답고 좋습니다.
36,많은 중국인 관광객들이 아이스크림을 먹고 남은 플라스틱 용기와 스푼을 무더기로 버리고 갔어요. 곳곳에 쓰레기가 바람과 함께 나뒹굴어서 좋은 경치가 아쉽게 느껴졌어요. 쓰레기가 너무 많아요.
37,휴가철엔 사람이 너무 많아서...길이 막힙니다 ㅠㅠ 여유로운 시즌에 찾아가서... 차분히 이곳 저곳을 본다면 좋은곳 입니다... 하지만 ..... 해수욕을 하기에 작은 해변이어서.. 조금 ..아쉬운 여행을 .. 했습니다.
38,너무 큰 기대탓인지. . . 무더운 날씨탓인지 기대만큼은 아니었어요.3륜전기차는 후기잘보고 퀄리티있는곳에서 빌려야할듯합니다.당일관광이라면 결국 스쿠터나 전기차이동이 전부인데 가격만보고 선택하면 돌아다니는 내내힘듭니다.저희는 쇼바가원래그런건지. . . 속도는 원래그렇게 안나는건지. . 26키로정도가 맥스고 그나마도 한참 끝까지 땡겨야 했습니다 . .다니는동안 엄청신경쓰였어요.그리고 우도는 청소캠페인 지속적으로 해야할듯해요.보이는곳 사방 쓰레기간 너무 많아요. . 여름성수기라그런지. . . . 생각했던 모습과는 많이 달랐던 곳입니다.
39,가족들과 제주도를 방문했을 때 우도에 들려서 동네 한바퀴를 돌았는데 조용하고 한적한 느낌이 좋았습니다. 정말 곳곳에 소가 많아서 놀랬습니다. 조카들은 잠수함을 탔다고 하는데 정말 좋았다고 맨날 얘기하네요. 그땐 비가 와서 많이 못돌아다녔는데 날씨가 아주 좋을 때 다시 가고 싶네요.
40,가시기전에 미리 배가 뜨는지 사전예약을 하시고 가야해요 .현장에 가서 예약하려면 안되는 경우도 많아요 .우도는 참 아름다운 섬이고 ..검은해변 하얀해변 둘다 기억에 남아요 .팝콘같았던 돌들 ...스쿠터 빌려서 한바퀴 2시간 걸립니다.
41,젊은 사람들은 우도를 무지 좋아하나 중년층에겐 별로 권하고싶지 않은곳 볼거리는 별로 없으나 먹을거리는 있음 기대를 하고 가지마시고 자연을 본다고 생각하면 중년층도 괜찬음
42,성수기때 가시면 확실히 좋을거 같단 생각은 했는데 비수기에 가니까 휑합니다 게다가 날씨도 별로여서 더 그랬던거 같네요 꼭 날씨 좋을 때 가시길 바랍니다 가시면 그래도 멋있는 풍경 보실 수 있을 거예요해물뚝배기도 맛있어요 다만 바가지 조심 ㅎㅎ
43,"두번째 간 우도는 조금 번잡해졌구나 하는 느낌이었어요. 젊은 사람들이 즐겨찾고,  중국 관광객도 많아졌는데, 찾아오는 사람이 맣아져서 인지, 정돈되지않은 느낌이었어요. 우도를 가면 바람과 자전거가 떠 올랐는데, 많은것이 상업화 되었더라구요. 여름휴가 한창일때 가서일까요???"
44,"우도 들어가는 배삯이 너무 비싸요. 하지만 일단 들어가면, 너무 아름다워요.ATV? 같은거 타거나, 자전거, 오토바이타고 우도 한바퀴돌면 마음이 힐링되요. 우도 땅콩아이스크림은 유명해서 먹어보긴했는데 전 그냥 그랬어요.. 해녀의집?? 이런곳에서 해녀어머님들이 손질해주시는 전복회먹었는데 정말 꿀맛."
45,"경치를 보러 우도를 갔어요!개인여행으로 가족끼리 갔기 때문에 배에서도 일본인 제로. 섬에서도 일본인 제로였어요. 섬에 도착하고 섬을 일주할 생각이었지만, 의외로 큰 섬이라서 차가 없으면 힘듭니다. 시간에 여유가 있으면 좋겠지만... 한국인들은 버스를 타기도 하지만 저희는 알 수도 없고, 카트나 오토바이도 국제면허증이 없어서 빌리지 못하고 자전거를 빌렸어요. 하지만 자전거는 꽤 힘들었어요. 대부분 보지 못했습니다. 만약 택시 등으로 갈 수 있다면 우도까지 함께 택시를 타고 가는 편이 시간을 효율적으로 쓸 수 있을지도 몰라요... 저는 이번에 날씨도 좋지 않아서 다음에 꼭 다시 도전해 보고 싶어요!!"
46,"이 섬을 방문 했을 때 나는 꽤 disapoonted. 해변이 아름답고 좋은 위치. 하지만 최근에 제주도 일정 시간, 여기에는 많은 수의 주요 섬 찾을 수 없습니다. 이 경우 필요한 여정 건너뛸 수 있습니다."
47,로컬 버스를 타고 갈 수 있는 것은 할 수 있는 페리 선착장까지 택시를 타고 호텔에서 가까운 도시 중심에 위치. 페리를 타고 짧은 아니지만 상쾌한 바다 공기 하는 아이들을 보는 재미 가 좀 흥분 공급하는 시걸즈. 풍경이 아름다운 섬에 있는 hop on hop off 버스 서비스도 있지만 꽤 거친. 제 생각에 이들은 큰 그룹은 다른 누구도 특별한 버스 예약이 초과 허용되지 않습니다. 결국 많은 것을 기다린 다음. 짜증나. 
48,"가기로 결정하기 때문에 다른 해변이 있고 audi 3( 하하 hoho 햄버거 에게). 하고 생각했던 것보다 더 어려웠다. 우리는 차를 렌트 한 에어컨은 할 수 있다. 하지만 노선이 약 2시간이 많기 때문에 페리를 타고 있습니다. 한 섬에서 우리의 첫 행선지는 하하 hoho 에서 점심 식사. 저희는 운이 좋았던 사람들 중에 판매하지 않았다 하는 햄버거 엔 1:50. 시간이 준비되어 있었고 우리 햄버거를 구입하지 않는 더 이상의 주문 및 2:40 품절. 이른 점심을 할 수 있기 때문. 주변에서 좋은 아름다운 섬. 우리는 첫 번째 해변에 들르는 실망스러웠습니다. 물이 냄새가 나는 녹색 잡조류. 또한 쓰레기가 널려 있습니다. 사람들이 기대하는 그 이상의 유지 보수가 제공합니다. 우리가 묵었던 350,370 더 나은 해변 만 보고 있다. 다음 역은 검은 모래 해변에 위치하고 있고 시원한 코브. 도처에 쓰레기 가 있다. 우리는 장기 체류 하지 않았다. 처음 두 해변은 ""망하 ."" 세 번째는 ""산호 해변 ."" 물이 깨끗했지만 여전히 녹색 해초 잡조류. 해변은 재미 있었지만 아이들 아리마를 우리의 발 밑에. 물이 꽤 혼잡 된 놀이 공간이 많지 않은 신규 빠르게 수영. 경치 좋은 섬, 특히 해질 무렵. 전체적으로 우리 들이 느끼는 실망 과 북쪽 해변에 제주도에 방문한 것 같습니다. "
49,"시간이 지. 저는 이번에 노란색/파란색 투어 버스 (5000KRW 대상에 대해 4). 이러한. 나는 내가 할 수 있는 땅콩 아이스크림 하나 2nd.너무 뜨거운 날씨는, 매우 빠르게 지쳐 있었습니다.만약 차를 빌릴 스쿠터나, 국제 운전 라이센스가 필요합니다.땅콩 아이스크림은 맛있는 지, 알고 있었지만, 품질이 무엇을 판매 아이스크림, 않습니다."
50,9월 초 태품이 지나간 후 방문했습니다. 분명 아름다운 해변 입니다. 푸른 바다와 고운 모래사장이 있습니다. 하지만 모래사장 안에는 담배꽁초와 커피컵이 가득하고 파도를 타고 플라스틱 쓰레기와 어구가 끊임없이 몰려왔습니다. 모두가 바다를 이용만 할 뿐 돌보려하지 않는다는 생각이 들어 슬펐습니다. 차라리 입장료를 받더라고 관리되었으면 좋겠고 바다를 보러온 관광객은 자기가 가져온 쓰레기는 가져가야 합니다.
51,지저분해 지는 느낌.  6월과 7월 두달을 연속해서 방문해서 결론을 내린바로는 여기는 너무 사람들에게 알려진(?) 곳이라는 점이다나도 대명에서 숙박했지만. 이제는 다른곳으로 가련다
52,"얕게 멀리 펼쳐진 에메랄드 빛 바다와 검은 현무암 바위, 하얀 모래사장이 완벽한 조화를 이루는 곳입니다. 모래사장 입구에 물이 샘솟아 얕은 개울같은 곳이만들어졌는데 작은 고기와 게, 조개잡기에 여념이 없는 유아들에게 인기 만점. 사람이 많이 오면서 오염될 것 같은 왠지 모를 불안감이 느껴졌어요."
53,함덕이 예쁘다고 해서 갔는데 운이 안좋게 흐린날에가서 바다색은 평범했네요 ㅠ 올레길을 걸으니 유채꽃도 조금 있고 말들도 있었어요^^
54,비가 올 줄 알았는데 비가 그치고 안개기 약간 껴서인지 오묘한 분위기 였어요. 그래도 공기도 시원하고 발 담그기도 딱 좋았어요.
55,작고 아기자기한 해변입니다 모래질은 일반적인 해변수준이고 바로옆에 현무암이 특이하고 신기했어요
56,"제주도 서쪽보다는 시원한 바람이 불어서 좋았어요.모래는 아주 곱지 않은 정도고, 작은 돌멩이들이 있어서 조심해야해요.대명리조트랑 가까워서 가기 좋아요. 가는 길에 튜브 바람도 넣을 수 있어요."
57,그냥 사람반 물반쓰레기도 넘치고 무개념 젊은친구들이 많음 밀물 썰물 타이밍마추면 물을깨끗할때 놀수 있음현재 비치앞 파라솔 장사로 매우 혼잡함
58,"4년만에 제주도를 방문했습니다.제주도 바다는 다 아름답지만 그 중 쪽빛 바다인함덕을 좋아했는데,, 너무 주변이 상업적으로변해 복잡해져서 제주도의 변화를 실감했습니다."
59,과거 선샤인 호텔만 있을 땐 정말 좋았다. 바다도 아름답고 여유가 느껴지던 곳. 그러나 다시 찾은 함덕은 모텔급 숙박시설의 난립으로 최악의 환경이 되었다. 아쉽다.
60,"서우봉에 올라가는 길은 바다가 보여서 경치가 좋은데, 막상 꼭대기까지 올가가면 좋은 경치가 없습니다. 특수 지역이고 묘지도 많습니다. 역사적 의미가 있는 곳이긴 한데 탁 트인 전망이나 이런걸 기대하지는 마세요. "
61,"사람이 너무 많고, 주변이 난개발(?)된 느낌이다. 제주도에 더 아름다운 해변은 많은듯. 굳이 찾아서 갈필요는 없을 듯 하다."
62,비가 와서 들어가서 놀지는 못했지만 예쁘기는 했습니다ㅠㅠ근처에 맛집이 없는게 조금 아쉽긴 하네요
63,"아주 붐비는 장소. 저는 추천 하지 않는 것 같은 붐비는 해변 을 보여주기 또는 충족할 수 있습니다 :) 인프라 (음료, 음식, 등) 은"
64,"해변은 곱고 돌 은 없구요, 하지만 많은 해초. 물이 맑고 얕은, 좋은 아이들이 없었기 때문에, 좋아해서 조금 지루하지만 재생할 구다비치.깨끗한 해변을 발견한 이래 자주 생각하고 주위에 너무 많은 쓰레기가"
65,"해변은 좋고, 깨끗하고 작지만 붐비지 않았습니다. 많은 호텔과 빌라는 해변이 위치해. 따라서, 만약 이다, 그냥 아 여기에 호텔, 일반적으로 5분 정도 걷는 것. 휴식을 취하기에 좋은 곳에 있는 로맨틱한 시간."
66,해변이 바로 앞에 있는 나의 호텔 (골든 튤립) 이 매우 평온하고 편안한 해변 산책. 사람들이 많지 않은 늦은 오후에 갔기 때문에 날씨가 덥지 않은 아주 마음에 들었습니다.
67,"저는 실망한 곳입니다 (일반적으로 및 제도) 근데 태국에 거주하는 데 좋은 해변 입니다. 특별할 것 없는, 말도 안되는 전혀 보지 "" 하얀 모래사장이 "" 및 "" 터키석 물. "" 그냥 평범한 해변의 냄새를 압도 하고 해초 이 하베스트 입니다. 나는 이 사실을 모두 생략할 - 및 제주."
68,또한 변경다른 투리스트 비치 - 하지만 매우 깨끗하고 좋은 점은 더 이상의 평균 투리스트 비치.
69,"정말 마음에 해변 전망! 정말 맑은 물과 하얀 모래사장... 정말 아름다운 풍경이 있었고 briedge 보고해주세요. 포함되어 제주의 유명한 락 몰드되는 동상 사진을 좀 좋은 곳이다.별로 할 일이 있을 수 있는, 전망을 즐길 수 있고!"
70,웅장하고 긴 동굴이지만 어둡고 축축한 곳입니다. 들어가시기 전에 꼭 신발은 더러워져도 되는 신발로 신으세요. 또한 동굴내부에  화장실이 없기 때문에 입장 전 들리시기를 추천합니다 그리고 동굴 천장에서 물이 많이 떨어지니 모자를 쓰는 것도 좋습니다
71,웅장하고 정말 멋집니다 용암이 흐른자국이 그대로 보여 실감나고 규모가 커서 웅장합니다 충분히 멋진데 단점은 좀 어둡습니다. 그 멋진 모습이 잘 보이지 않아 아쉽지만 정말 용암이 실감나서 추천합니다 아이와 같이가기엔 좀 걷기 힘들수는 있을거 같아요 입장료도 싸고 만족합니다/
72,만장굴.신비하고도경이로웠다.눈으로보고입으로와하고감탄이되었다.제주도를10번이상왔다가서도처음방문을했다.신랑덕분에좋은구경을했다.아쉬운것은입장료가옛날보다비싸진거같다.
73,"같이 여행온 맴버들이 가자해서 세 번 정도 방문했는데, 아이들이 초등학교 저학년이 되기 전에는 식구들을 데리고 가 볼 생각은 안 생기는 곳입니다. 동굴이다보니 어둡고 바닥이 울퉁불퉁해서 아이들이 넘어지기 쉬울 거라 생각이 들고, 워낙 왕복 거리가 멀다보니 대부분의 구간을 제가 업거나 안고 다녀와야해서 엄두가 안나네요. 만장굴이 생기게 된 과정을 공부하고 동굴의 규모를 느껴보는 좋은 경험이였고, 여름에 여러 관광지를 돌다가 이곳에 가면 몸에 쌓인 열기를 빼는 데 도움이 되겠습니다. 목적과 단체 성격에 잘 맞춰서 가실 것을 추천해드립니다."
74,안보여요 암흑이에요 앞도 캄캄하고 눈침침하고 어르신들 가기엔 너무 위험합니다 천장에서 물도 비처럼 계속떨어지고 생각보다 깊은데뭐없음...
75,너무 더워서 돌아다니기 힘든데 구경하고 싶기는 할 때 가면 좋은 곳이에요. 하지만 너무 어두운데 조명이 적어 각자 핸드폰 조명을 비추며 걷습니다. 개인적으로 어린아이가 걸어다니기에는 위험하다고 생각했어요. 게다가 물이 고여있거나 미끄러운 부분도 많아서 주의하면서 걸어서 동굴구경보다는 바닥을 보는 일이 더 많아요
76,"2018 현재, 세계자연유산입니다.내국인과 외국인들이 즐겨찾는 관광지입니다.내부동굴의 기온은 평균 +16°C이며, 여름철은 매우시원하고 겨울철은 포근합니다. 내부동굴은 생태계 보존이 우수하며 동굴박쥐,거미류도 서식합니다. 방문시간 1시간20분 정도소요되며 내부동굴에는 화장실이 없습니다."
77,용암동굴이라 석회동굴보다 볼게 없는건 알겠는데 조명배치가 너무 불친절해서 넘어지지 않게 바닥만 보고 다녀야합니다
78,굴이라 다소 추울 수 있으며 어둡기 때문에 조심해야한다. 바닥이 울퉁불퉁하지만 위험하지는 않다.
79,여름에 밖을 돌아다니다가 들어가면 시원하다못해 추워집니다 길은 고르지못하고 어두우니 조심하며 구경하세요~
80,일단 길이가 엄청 길고 여름인데도 안에는 엄청 추웠어요 그리고 어두워서 핸드폰 후레시 키고 다녔네요 바닥도 울퉁불퉁해서 걷기 어려웠어요
81,일단 시원하기는 엄청 시원합니다.동굴이라 계속 비슷한 풍경만 보여 단조로운 면이 있으며 길이도 긴편이라 개인적으로는 좀 지루한 관광지였습니다.
82,상당히 길고 평탄한 지하 동굴.금광 등으로 개발된 동굴이 아니라 자연적인 것이라 신기하고 꽤 깁니다. 아이들도 좋아하고 서늘해서 한번 가볼만 합니다. 
83,1000m 왕복이니 꽤나 시간이 걸려요생각보다 꽤 크네요 입구로 나가서 쭈욱 돌아 다시 입구로 나오는 코스안에는 꽤 춥더라구요어두우니까 조심!
84,"유네스코가 지정한 세계자연문화유산이다. 다른 세계다. 밖은 푹푹 찌는 날씨인데, 여기를 딱 지나면.. 춥다. 상쾌한 바람이 불어온다. 기분이 좋다."
85,제주에는 볼 게 참 많은데 굳이 여기까지 올 이유가 있나 싶음. 처음이라면 한 번 가 보시고 시간 여유있을 때에 가 보세요. 안이 추우니 겉옷 꼭 추가로 챙겨가세요.
86,어두운 동굴탐험...그리 길지는 않지만 마니 지루함..동굴 탐험을 마치는 맨 끝에서 고객을 위한 이벤트같은 것이 없어서 아쉬움..너무 허무함...음악회나..사진찍어주는 이벤트나.. 뭐가 있어야 할듯한데.. 지루하기 짝이없음..
87,비옷 준비하세요.소량이긴한데 동굴천정에서 물이 떨어집니다.생각보다 초등학생들이 많이 걷고 있어 놀랐습니다. 40분에서 1시간 정도 걸어야합니다.
88,비오는날 비를 피하러 갔지만..내려오는 빗물에 비옷을 입어야했어요.. 그래도 생각보다 큰 사이즈에 한번쯤 방문해볼 필요은 있어요
89,볼만하나..시간이 없다면 굳이 꼭 보러 가지는 않아도 됨.그냥 여름에 시원허게 시간 보내는 곳.
90,더울때 갔었는데 추웠음. 근데 너무 어둦고 볼게없음.굳이 동굴 끝까지 가볼필요없음동굴 끝까지 갔는데 별로였었음
91,입구에서부터 시원함을 느끼고초여름에 땡볕에서 고생하다가 들어가서 진짜 최고!! 그러나 계속 가다보면 어느새 추워지고어두워서 잘 안보이고
92,위에서 물이 뚝뚝 떨어지고 바닥이 울퉁불퉁해서 천장을 계속 보면서 걸어갔다간 넘어질수도 있고 물 웅덩이에 발이 빠질수있습니다  생각만큼 좋은곳은 아니였습니다
93,동굴이 등장하는 모험 영화의 영향이었는지... 뭔가 대단한 걸 볼 수 있을 거라 생각했었다. 그런데 가도가도 어두컴컴한 길이고 마지막엔 그냥 더 이상 못 간다는 표시뿐. 고집해서 식구들이랑 들어갔다가 싫은 소리만 잔뜩 들었다.
94,"지난 2015년 12월 겨울에 만장굴을 방문했습니다. 동굴의  처음 입구 부터 바닥에 물이 고여 있는데, 미끄럽기도 하고 동굴이니까 바닥이 매끄럽지 않아서 걸어가는데 힘들더라구요 동굴 걸어가다 보면 군데군데 설명도 있어 보기에는 괜찮은데, 나중에는 바닥만 보고 걸어가게됐어요, 갈까 말까 고민된다면 안가도 될거같아요"
95,세계문화유산으로 지정되었다고 해서 가족들과 가보았어요.아이들과 간다면 바닥이 미끄러우니 조심하세요
96,"제주도의 대표적인 굴입니다. 여름철 더위를 식히고 싶거나 제주도의 굴을 한번 보고 싶으신 분에게 적극 추천드립니다. 굴 내부 종유석, 석순, 석주 등 화려한 볼거리가 있으며 그 규모도 작지 않아 훌륭한 볼거리를 제공하고 있습니다."
97,"규모만 크고 볼거리가 있다는 느낌은 들지 않음. 더위를 피할 겸 방문했으나, 밖에 나온 후 다시 더워져서 무용지물"
98,아이들이랑 왔습니다. 다른 동굴보다 규모가 커서 신비롭습니다. 그러나 아기자기한 면은 적어서 사진찍을만한 포인트는 상대적으로 적은 느낌.
99,굉장히 길지만 다른 동굴들에 비해서 종유석들이 발달되지 않아서 아름답다고는 말 할 수 없다 단순히 고수동굴이나 고씨동굴 들과 비교를 하면 볼 것이 별로 없다고 생각되는 동굴이다.
100,"일단 들어가면 어쩔 수 없이 안쪽까지 가긴 하는데, 덥기만 하고 특별히 이렇다 할만한 것도 없었습니다. 어떤 점에서 세계 유산인 걸까."
101,친구들이 내 버킷리스트에 없었더라도 방문하고 싶어서 우리는이 동굴에 갔다. 화산의 층과 내부의 거대한 길을 보는 것은 인상적이었습니다. 우리는 끝까지 모든 길을 걸었다 i. 이자형. 1km 떨어진 곳에 다시 걸어갑니다. 개인적으로는 흥미롭지 않습니다.
102,그것은 일방 통행 1km이며 아무것도 아닙니다. 땅이 고르지 않으므로 좋은 신발이 필수적이며 조금 시원 할 수 있습니다.
103,"볼거리가별로 없었던 것처럼 느껴졌습니다. 그것은 정말로 추웠다. 그래서 긴 소매를 입는다! 그것 이외에, 아마도 횃불을 가지고 와라."
104,"좀 어렵습니다. 가는 버스가 있어서 2, 버스 정류장에서 5 km, 택시를 타고 와서 다행 이었지만. 우리가 지불한 4000 원을 버스 정류장에서 동굴 입구. 이 더 문제 야 지역, 모든 표지판에 한국어, 어서 어떻게 할 수 없을 정도로. 저는 제주시로 돌아오는 길을 찾는 것이 더 빨리 갈 수 있는 서귀포 (1 하여, 5 시간이 걸려). 택시를 타고 가야하는 몇 가지 30000, 원 마작 굴 동굴 여행을 제주시. 우리는 다른 관광객들을 공유하고, 각 15000원 이 라. 그만한 가치가 있었고,? 물론, 우리는 만족했어요. 다른 경험이었고, 흥미로운 용암 이 설정에서는, 표지판 읽기 정보 흐름을 용암 이 추운 환경을 상상. 나는 14 년 된 청소년들이 있는 것이 좋습니다. 중요: 대한 절환잡음을 제거 및 삭제 할 수 - 셔츠. 한 쌍의 재킷을 가지고 좋은 운동화."
105,"재킷을 가져갈 데 필요한 경우에도 여전히 차가운 내부의 여름, 고무 신발을 쉽게 걸어 다닐, 내 생각에는 많지 않은 것을, 젊은 아이들이 즐길 수 있는 것이 피곤하면 매우 긴 동굴 입니다."
106,"이 용암동굴, 국립 herritage. 그곳에는 특별한 것은, 이 길을 따라 어두운 바위 만. 바닥은 미끄럽 기 때문에 조심해야 지."
107,매우 흥미로운 역사 이야기좋은 한 번 참조짧은 방문더 매력적이 게 만드는 곳입니다
108,먼저 동굴 이 대중 교통을 액세스할 수 없습니다. 우리는 내려 있지만 아직 대중버스 걷기 에. 우리는 제 기대는 하지 않았지만 매우 떨어졌다. 동굴은 괜찮았습니다. 특별한 아무것도.
109,"저는 제 만장굴 케이브, 하지만 이곳은 내가 좋아하는 곳 제주도. 제 마음에 쏙 드는 설명하는 표지판에 영어를 배울 수 있도록 하는 것이 성형 방법. 조금 차가워 동굴은 편안한 신발을 신지 스카프와."
110,이곳에서 할 수 있는 고려 이 한 연습 단계 및 모든 자연 용암 볼 수 있습니다. 만장굴 케이브 배울 수 있으며 정보 가는 길. 시원한 날씨는 겨울에 갔다. 만약 다른 계절에 가지. 함을 에서 할 수 있죠.
111,"사실 이곳은 유네스코 자연 동굴 을 방문하여 manjaggul 사이트, 같은 성산 ichulbong. 불행하게도, 실제로 걸으며 용암 튜브 의 개념을 넘어, 오히려 실망스러운 경험이었다. 어둡고, 차가워. 고르지 못한 그라운드가 있어 아주 미끄러운 여러 puddles. 첫 몇 백 미터. 큰딸 잃는 걸어갈 수 있는 추가 하겠다고. 하지만, 굉장히 많은 동일한 완료되지 었기 때문에 전체 과정을 7.4 km (했기 때문에 실제로 14.8 또한 다시 생각할 수 있는)! 하지 않은 지역 이 진정으로 지역. 저는 포기 입니다."
112,"동굴 이 크고 긴, 주변에 가지고 오고 다시 1 시간. 더 아무것도 보고 어두워서 사진 촬영 이 인다의. 다른 동굴 평균 비교"
113,"더 아무것도 볼 수 있는 동굴은 제외. 하지만 시간을 읽고 총괄하고 동굴. 교육이 납니다. 이 경우 속도가 느려질 수 있고 더 즐겁게 감상한 동굴 벽을 합니다. 대신에 보면, 거리를 끝까지 걸어가서 사진을 동굴 의 끝."
114,"이 날 비가 조금 실망스러운 동굴을 방문 하기 때문에, 그 웅장함 은 전혀 아름다운 외부의 모든 방법에 따라 달라집니다. 태양 안타 이 어떻게 하느냐에 따라, 놀라운 색상 동굴 발생할 수 있습니다."
115,"우리가 간 곳에 2016년 7월 17일. 우리는 호텔 프론트에 어떻게 대중버스, 버스 번호 2 을 할 수 있습니다. 첫 번째 다리 에는 많은 버스, 2nd 990 번 버스가 있지만 2 3일 만에 또는 다음과 같은 2시간 거리, 몇몇 사람들이 있어서 관광객들이 / 가 약 3킬로미터 를 걸어서 목적지로 결정했습니다. 저렴한 요금을 지불하고 우리가 도착했을 때 땀 이 나는 피곤 KW2, 000 (수는 저렴한 곳) 의. 좋은 점은 동굴 안에 시원한 바람, 정보의 일부이기 때문에 마음이 젖은 물웅덩이 붕삼란에 단계를 수행하십시오. 많은 사람들이 거기에, 대부분의 한국인 관광객들. 조명도 어두운 아름다운 인상적인 동굴 안에 지 었다고 생각. 16:30 종료 시에 도착했을 때 우리는 990 번 버스를 타야, 놀랍게도 버스 기사에게 말해 주는 한국인 승객들이 버스를 타고 가야하는. 우리는 왜 계속 얘기를 하고 택시를 타고... 택시를 타고... 택시를 타고... 있었기 때문에, 그는 외국인들을 가지고 가는 버스 정류장이 있고 택시를 타고 우리에게 강제로 다음, 확인하고, 택시에 우리에게 접근. 제가 느끼기에 의해 박슬라브 버스 기사, 택시 기사와 협상을 하지도 않았다 (에 있기 때문에. 제가 그들이 목적). 3 km 거리로 가기로 했다. 다음 버스 정류장. 시간을 낭비하는 일 이었고, 이 곳은 확실히 추천, 이제 이유를 알고 싼!"
116,또한 내부의 어두운 지... 우리는 걸어서 가는 거리로 걸어서 어두운 때때로 우리는 지금 다시 그 말 경로를 확인할 수 없습니다. 우리는 끝까지 어떻게 된 일 이... 다음과 같은 길을 걸어서 사진을 찍지 다. 
117,"내부 및 시작할 수 있는 동굴 동굴 입력하면, 좋은 금액에 대해서 즐길 수 있는 양식과 동굴 이 있습니다. 교육적 이었고 매우 좋은 1시간 안에 동굴 이 있습니다."
118,"아주 작은 동굴. 용암 튜브 의 다른 이 기 때문에. 갈 시간이 있다면. 약 1 - 2시간 요구 사항을 충족할 수 있습니다. 버스 정류장이 있는 도로에 한 시간 반 거리 입구. 시도해볼 수 있게 택시를 이용하면 입구. 그렇지 않으면, 면이."
119,"이 곳은 오직 흥미로운 개념 - 세계에서 가장 긴 용암 터널 중 하나이기 때문이다. 하지만 사실, 이 구멍을 내려 걸어서 약 킬로미터 어떤 흙 처럼 보이는 지하철 터널을 만들어 보는 거의 북거. 그런 다음 열에서 멀리 떨어져 있는 인상적인 용암이 도착했습니다. 이 많은 동굴과 같은 전 세계의 사람들은 하롱베이. 우리는 아주 인상적."
120,"U 할 사이에 약 절반은 제주시, 아닙니다 너무 어려운 운전. 저는 1 1/2 이하인 시간 방문 할당할 수 있습니다. 화산 터널 들을 아주 흥미로운 를 참조하십시오. 몇 일 전에 비가 오, 동굴에 물이 있어서 좋을 수 없는 경우 헷드. 또한 좋은 신발을. 간판에는 수 많은 바위 설명하는 틀어치기.이 리뷰가 도움이 된다면, 클릭하십시오 ""이 ."" 감사합니다."
121,"이는 매우 흥미롭고 독특한 텍스쳐를 형성하는 동굴 이 있습니다. 동굴로 걸어가기는 조금 싶었던지요 에 고르지 못한 그라운드. 그렇지 않으면, 즐거운 나들이."
122,긴 돌이 동굴로 들어갈 용암 튜브 와 흥미로운 있을 것 같습니다. 내부의 천장에서 오는 춥고 물을 좀 점적약. 한 번만 타면 끝이 면 사진 찍고.
123,좋은 경험이 풍부한 및 를 참조하십시오. 하지만 이 같은 것입니다. 역사 애호가 가장 좋아합니다.
124,"제주도에 있는 모든 것과 마찬가지로, 관광객을 위한 기본 이다. 동굴 자체는 흥미롭지만 이해할 수 있지만 하나의 동굴 이 하나도 없다 액세스할 수 있습니다. 이 안에 있는 것을 조금이라도 - 동굴의 길이에 따라 불이 잘 되어 있다. 특히 유치원 의 용암동굴 에 간 적이 없지만 그 전에 당신이 있습니다. 주의해야 할 경우 버스를 타고 동굴, 동굴 입구에 아직 발 2.5 km, 택시 한 일이 지난 수 있지만 얼라인먼트마크. 전체 확인, 기대하지 않아."
125,"그곳을 방문하는 경우도 없고, 아마 걸어서 2시간을 낭비할 수 있는 동굴. 동굴 내부에는 특별한 매력 즉 놀랍습니다. 길의 끝에서, 같은 말을 할 수... 오류... 두말하면 잔소리? 이 추운 겨울에 젖은 바닥과 천장에서 떨어지는 물은 동굴. 너무 어두워요."
126,"동굴에 방문한 일부로 버스 투어. 우리에게 주어진 40분을 통해 입력된 2nd 섹션에서 다시 걸어서 동굴의 끝. 천장에서 떨어지는 물 때문에 미끄러운 바닥이 있고, 따라서 적절한 신발이 필요하다. 아주 희미한 조명이 길을 따라 몇 개의 자료들이 있습니다. 나는 용암동굴 이 나와서 완전 감사하지 않았다. 매우 아름다운 동굴은 되지 않지만 근처에 방문할 가치가 있는 경우. "
127,"동굴에 갔는데, 걸어서 약 1 - 2시간 만이 짧은 동굴. 돌 구조에 의해 원인을 화산 이돋이. 과 같은 경우에만 갑니다. 미로 공원에 갈 수 있습니다."
128,"좋은 학생들이 배우 용암 구조, 등록 정보. 조금 지루한 일반 사람들. 한 번 방문한 용암동굴 을 볼 수 있지만."
129,"이 동굴은 동굴 들 은 더 괜찮은 제주도 이었지만. 정말 멋지다 열 때문에 제가 갔을 때는 정말 좋은 동굴 이 있었기 때문에 지속적으로 사람들이 일일이 아주 붐비며 안에 동굴 이 있습니다. 가 볼 기회가 있다면, 이동하여 비수기 또는 이를 피할 수 있는 사람들."
130,"이는 동굴, 용암 튜브 이 동굴을 보 기대하지는 마라. 지하철 거대한 크기. 입구에서 걸어서 1 km 수 있습니다. 말 그대로 한 용암을 볼 수 있는 위로 의 지하철이 있습니다. 이곳은 매우 인상적이다. 지하철이 있는 큰 터널 같은 구조. 하고 조명은 조금 있습니다 저는. 입장료는 $2만 하는 것은 같은 돈을 낭비하지 않기 때문에 걱정할 필요가. 나는 기쁜 것이지만 나는 그냥 걸어 약 5분 행복 이 지하철 역, 왼쪽으로 돌아서 가고. 걸어갈 수 있는 열린 공간이 조금 끝 시간을 낭비할 필요가 없으며. 한 10분 정도입니다."
131,"이 동굴은 꽤 오래 이었지만 꽤 많은. 매우 차가운, 어두운 쪽 (여름에 갔다) 젖을 먹기 때문에 윈드 브레이커 / 자켓 과 준비. 경우에 따라 전체적으로 방문해야 할 것입니다. 더 이상의 제주 여행 일정의 경우, 가장 그리워 하는 것을 다음 입니다."
132,이 동굴은 나쁘지 않다. 좋은 사진이 어둡고 긴 산책 끝에 불교의 제단 이. 제가 갔을 때는 춥기 때문에 많은 시간을 즐길 수 있는 모든 것을 하지 않았다
133,"이 동굴에 있는 특별한 건 없어. 할 수 있는 것은 우리가 걸어갈 수 있는 동굴은 거의 직선 1 km (cmiww). 우리는 터널의 끝에 도착한 후, 우리는 작은 무대 가 있고 사진을 볼 수 있는 것을. 아이와 함께 여행하는 경우, 단계 수 있는 세이 때 조심하세요. 슬리퍼 에 정말..."
134,좋은 경험을 할 수 있는 냉각에 지하상가가 있습니다. 나는 기대했던 것보다 실망스러운 말에 도착. 약 1시간.
135,"이렇게 좋은 리뷰와 같이 긴 버스를 타고. 더 많은 것을 기대했습니다. 우리가 묵었던 남서부에 있는 섬을 타고 거의 두 시간의 버스 여행은 동굴은 tripadvisor에서 평점이 위. 그러나, 우리는 지독하게 실망했습니다. 이 동굴에 가 본적이 없다면, 가야 합니다. 이 독특한 형태의 동굴, 3 - 포인트를 주는 이유는 평가, 하지만 백버퍼 없어. 대부분의 동굴, 적어도 하나의 측면에서 관리 작업을 선택하는 중요한 의사 (또는 누구든지 다), 정말 긴 종유석 등을 갖고 있는 멋진 생성 사실... 하지만 이는 동굴 도 없었습니다. 제 생각에 아주 멋진 조명 세트 3 또는 4 에서만, 간신히 과조명. 동굴 안에, 조명 기술이 최고의 친구. 실제로는 매우 어두운 내내, 아무것도 보기를 만들 수 있다. (하고 생각할 수 있는 가 본적이 없다면 이 동굴에, 아닙니다 이미 알고 있는 특정 조명 같은 독특한 측면도 있는 조명, 심지어는 귀찮게 걸어갈 수 있는 어려운 .) 마지막으로, 끝에 차가운, 긴 여행을 통해 한 점을 좀 더 잘 해 벽으로 마감되어 있으며, 올 대기열에 거의 도착할 수 있는 동굴의 천장과 여행의 하이라이트. 관리를 한 것은 쇠고기 이다 간단하지 않았다. 조명은 일반적인 최종 편. 기호 설명도 없고 어떤 방식으로 왔다. 간단하게 이동할 수 있. 여기서 종료하고 생각해? 어서 와 정확한 방법. 그래서, 한 두번이 지 않아요. 짧게. 나는 그의 독특한 친절함을 주는 3 종류의. 동굴 안에는 강유전체커패시터와. 나는 누구든지 원하는 것을 제대로 활용하되 최대한 활용할 수 있습니다."
136,"이 세계에서 가장 긴 용암 튜브. 있는 그대로의 자연에, 깨끗한 형태. 동굴 안에 들어가면, 냉각 및 어두운 곳이다. 소식 만 몇 곳을 강조하여 설치된 용암 모여듭니다. 바닥의 웅덩이 에 물도 잘 알지. 길을 따라, 언제 관광명소, 주어진 정보를 알 수 있고 읽기 살펴봅니다. 할 수 있는 돌 거북이 모양의 섬 제주도는 겨우 끝까지 걸어 오는 얼굴을 한 용암 열, 최고의 자리에 있는 동굴."
137,"전문 사진 촬영 에 관심이 이 곳이 잘 따라서 하러 가기 전. 하지만 기본적으로 좋은 20 25분 이 기 에서 걸을 수가 다른 끝을 보는 것은 (바위 돌지 않거나 매우 관심이) 매우 어두운 조명... 다음에 다시 또 다른 20 25분 정도. 없다고 생각하는 나쁜 장소... 생각하지 않았어요. 시간이 있다면 좋은 카메라와 삼각대, 좋은 사진이 있고 할 수 하하하"
138,"걸어서 2 km (끝에 공개 연, 그리고) 용암 에 지하철이 있어, 어둡고 젖은 일, 교육 경험 했지만 독특하고. 바닥이 아주 고르고 웅덩이 주위에는 여러 단계. 전체가 많지, 하지만 가끔씩, 용암 튜브 의 특징은 강조했다. 하지만 모든 사람들이 없는 것을 감사할 수 있는 드문 용암 튜브 를 통해, 이다. 약간의 자극 적인 조건을 준비를"
139,"약 2 km의 짧은 거리를 여행하다. 신체 내부의 용암 튜브, 용암 에 의해 형성된 화산 돌을 볼 수 있는 다른 종류의 마지막 시간. 운동화 에 적절한 경로와 함께 준비된 동굴 이 약간 구부러진. 조심하세요."
140,차귀도라는 섬이 보이는 제주바다입니다. 일몰로 유명합니다. 최근에는 바람에 날리는 모래를 막기 위해 모래사장을 비닐로 덮었습니다. 아쉽지만 여전히 예쁜 바다입니다.
141,해수욕을 즐기기엔 좋으나 제주 특유의 관광명소 로써의 볼거리는 진입로 도로에서만 느낄수 있어서 아쉬웠음. 캠핑장이 있는데 해수욕 보다는 인근 해송숲에 자리잡고 캠핑하며 쉬는걸 추천
142,해변에만 사는 그 무언가가 살고 있습니다. 벌레나 징그러운 모든 것들을 싫어하시면 방문하시기 전에 생각을 잘 하고 가시는 것을 개인적으로 권해드리고 싶습니다. 해변 자체는 예쁩니다.
143,한여름 해수욕계절엔 너무 많은 사람과 주차전쟁.씻는것만 돈을 주고 하고 싶었지만 그 조차도 자리나 수건까지 사야지만 된다는 할머님의 말에 기분민 상하고 왔었다. 맑고 깨끗한 바다를 보면서 사색에 잠기기는 지금이 딱인듯.
144,물 색깔 너무 예쁘고 깨끗한 해변이에요.주차공간이 없어 비교적 주차공간이 많은 곳에 갔더니 물놀이를 즐기기에는 너무 얕았어요. 또 액티비티도 즐길 수 없는 곳이라 다들 튜브에 앉아있거나 스노쿨링정도 하는 곳이에요.깊이 들어가면 안전요원같은 분이 나타나 나가라고 합니다! 얕은 곳에서만 놀 수 있고 사람도 적어 어린 자녀가 있다거나 그냥 발만 담고 싶으신 분들은 주차공간이 많은 곳에 가셔서 놀면 좋을 것 같아요!주차공간이 없던 그 부분에는 사람들도 많고 바나나보트같은 액티비티도 할 수 있으며 좀 더 깊은 곳에서 물놀이도 할 수 있어요.
145,"이름 만큼 사람이 많고 근처에 가게들이 많아 정신없습니다만, 개인적 취향이고 근처에 머무르면서 논다면 서핑샵, 게스트하우스, 식당, 카페 등이 잘 갖추어져 있어 차로 이동할 필요없이 놀기 좋다."
146,"겨울바다 좋네요, 그런데 그 옆 금능해수욕장이 더 작긴한데 조용해요.ㅎ 바로 옆 협재 해수욕장은 사람이 많아서 그냥 바다 잠깐 감상하고 왔습니다.ㅎ 유난히도 바람이 많이 불더라구요,ㅎ 그래도 주차장도 잘 되어있어서 불편함 없이 즐기다 왔습니다. "
147,사람들이 많아져서그런지 조금아쉽긴하지만.바다 처다보시면 생각이달라지죠~조용하게계실분들은 해변두쪽으로 커피마시면서 보시는것도 괜찮다고생각합니다.
148,날씨가 좋으면 예쁘다는데 제가 갔을땐 흐리고 별거 없었어요 굳이 갈필요 없는것같아요 예쁜지도 모르겠고 그냥 실망... 크지도 않구요
149,규모가 다른해변보다 커서 편의시설이 나름 잘 되어있어요 에메랄드색 바다에 모래는 일반적인 해변이예요
150,하도 유명해서 한번 가보았는데 생각했던 것처럼 막 화려하거나 주위의 상권이 발달하거나 그러진 않았어요. 그래서 더 아늑하고 조용한 느낌이 들었어요. 저는 해질녁쯤부터 밤까지 있다 왔는데 확실히 밤이 되니 더 예쁘더군요.
151,3년 전 만해도 혼자 와서 조용히 여행하는 여행객들 만나고 머리식히기 딱 좋았던 이 곳이 완전 뒤집어졌네요.
152,"물론 바다가 아주 예쁘지만 너무 소문이 자자해서,기대감이 컸는지 다른 바다와 크게 다르지 않았습니다.날이 추워서 바다구경만 하고 왔는데당연한거지만 바다냄새가 가득해서 좋았습니다.큰 기대 안하고 가시면 아주 좋을 것 같습니다."
153,제주의 해변은 좀 아기자기하고 소박한 곳으로만 다니는데 여기는 모래가 곱고 바다색이 예뻐서인지 가족단위로 많이 오네요. 해수욕하기는 괜찮지만 제주치곤 좀 번잡한 느낌도 있어요.
154,봄여름 화창할때 가야할곳. 춥고 흐리고 바람부는 날은 모래바람에 눈을 뜰수없도 바닷바람이 너무너무 차고 추웠음. 그럼에도 불구하고 바다와 해변과 바위는 멋졌음.
155,"제주 내에서도 예쁜 해변으로 꼽히는 곳이라 해수욕 할 생각으로 방문했는데, 제가 가는 날이 해파리가 많이 나와서 그런지.. 물에 못들어가게 막더라구요... 바다는 예뻤는데, 조금 아쉬웠어요"
156,옥색빛 바닷물로 유명한 협재.날씨가 안 좋아서 그런지 기대한 색은 아니었어요.날씨 좋은 날에 다시 가봐야겠어요.
157,"제주도에서 협재해수욕장 많이 들르실 텐데요. 예쁜 바다색과 넓은 모래사장이 매력적입니다. 저희가 선택한 샤워시설이 찬물만 나와서 조금 아쉬웠습니다. 해수욕할수 있도록 가드가 쳐져있는 곳도 조금 면적이 작아서 아쉬웠지만, 아름다운 곳입니다."
158,모래가 정말 곱고 바다도 예쁩니다다만 유명한 만큼 사람이 너무 많았습니다ㅠㅠ바나나보트 등 재미있는 체험이 많이 있습니다.
159,"물이 에메랄드 색 이지만 아름다운 해변은 너무 사람이 많아요. 너무 많은 파라솔이, 상점, 작은 호텔. 비치가 있고 할 수 있고 편안한 하루에 해변.팁: 일부 주요 도로 근처에 괜찮은 해변 스타일. 할 수 있는 좋은 실외에 있는 피자 카페. 또한 엄마가 할 수 있는 터치 서버가 패스트 푸드 (치킨 샌드위치).이 해변은 해변에서 보는 최고의 한국 사람들은 제주도. 나는 실망을 했지만 깨달은 표준 서로 다릅니다. 뭐 간단한 음식을 원한다면, 사람들, 및 그늘이 있는 곳이다. "
160,"해변에서 도보 거리에 편리하게 할림 공원 길 건너편에 있습니다. 아주 아주 얕은 해변 크기도 적당하고, 아이들이 놀기 좋은. 이는 너무 붐비는 게 다소 비싼 임대료 를 위해 양산 KW25, 000. 너무 많은 시간을 소비하지 않았다."
161,한림 공원 근처. 작은 해변과 갈색 - 하얀 모래와 검은 바위. 더 나은 파도가 너무 낮을 때 바다로 걸어갈 수 있는 몇 백 미터.
162,좋은 아름다운 해변은 하얀 모래와 푸른 바다는 대조적 때문이에요. 한림 공원 근처에 있어서 방문해야합니다. 여름 은 해변에서 즐거운 시간을
163,"25,000 원에서 택시 롯데 시티 호텔이었습니다. 아주 예쁜 해변이 있지만 물이 너무 차가워서 수영이. 비트 미풍 이 또한 어렵게 모래사장에 누워. "
164,"우리는 이곳에 와서 일몰을, 이것이 있기 때문에 추천한 곳입니다. 하지만 우리는 실망했다.제주도 한림 공원에 가서 이용해서 비행기 1pm (5min 협재 해변까지 걸어서) 체크인 후에. 한림 공원에 있는 협재 해변 산책 후에 일몰을 보고. 그냥 좋은 날씨, 비가 내리지 않, 덥지 않. 해변의 모래 에 덮여 있었습니다 (?) 플라스틱 재료. 나 때문에 걸어갈 수 있는 관광명소. 주위에 거짓말 이 몇 가지 있는 해변 쓰레기는 좀 붐비는 사람들로, 로컬 들. 그 멋진 일몰을 볼 수 없습니다.다시 한 번, 솔직히, 오 오 향성의. 보르네오의 석양은 아마 최고의 일몰. 많은 사람들이 열대지방이기 때문에, 이 경우 건너뛸 수 있습니다. 아무 것도 할 수 있었지만 만약 제주도. 생각해보니 이곳에 올 수 있고, 한림 공원을 걸으면 됩니다.여기에 가서: 버스를 타고 #710 바인딩되는 협재 해수욕장 (또는 한림 공원을 가서 첫 번째. 그냥 걸어서 갈 수 있는 협재 5min). "
165,"아마 더 방문하는 여름. 날씨가 쌀쌀한 바람이 부는 11월에 있은 여전히 아니고 (조금만 이상), 많은 여행객들이 있어 하지 않았다. 바다가 보이는 예쁜! 다른 아무것도 할 수 있지만 적절한 계절이 아닙니다... 하지만 흥미로운 옆에 있는 것처럼 보이고..."
166,우리는 최고의 조수가 방문하여 올라가면 용암 바위 사이에 걸어갈 수 있는. 이 해변에 쓰레기 양은 놀랐다. 훌륭한 전망과 아름다운 색 물. 
167,"제주도를? 최소 4 일 이상일 경우! 모든 관광 명소에 다른 섬들이 멀리 떨어져 코너. 하루에 버스 투어, 실행중인 한 방향, 9시부터 6시에 다시 오고 있어요. 아니라 모든 장소는 흥미로운, 많은 여행객들이 유사한 다른 곳에서 본 것들. 이는 등록. 이 호텔은 작은 해변가. 등 전 세계에 많은 해변도 좋네요"
168,이 장소들이 일몰을... 우리가 숙박하고 30분 정도 떨어진 다음 할 가치가 있습니다. 택시를 타고 밤에 시간이 걸리기 하나를.
169,이 점은 저희가 방문한 시작 할 수 있습니다. 또한 해변에 도착했을 때 비가 오. 그래서 물을 수 없습니다.하지만 해변은 매우 깨끗하고 좋습니다. 우리는 커피샵에서 커피는 보기 좋은 해변이 있습니다.한림 공원 바로 맞은 편이어서 결합할 수 있습니다.좋은 곳에 따뜻하고 화창한 날 것이고.
170,"주차장 찾기가 어렵진 않은데 다른 곳과 다르게 주차비가 아주 싼 것도 아니네요. 낮에 가서 야시장은 모르겠지만, 재래시장은 그냥 그랬습니다."
171,소문난 잔치에 먹을거 없다고 너무 작아요 ㅠㅠ 선택의 폭도 너무 적고 ㅠ 저는 괜히 갔나 싶어요. 차라리 제주 제일시장인가? 탑동에 있는 시장이 더 크고 볼게 많았던 느낌입니다.
172,"제주도의 재래시장 동문 시장입니다.각종 토산품들과 기념품. 선물용 세트 들을 판매하고 있고, 회집과 수산믈들, 분식 및 간식 들을 핀매하고 있습니다.도우넛 및 찐빵 등  빵 계열의 간식은 거의 팔지 않습니다."
173,야시장이 열리면 테이크아웃 음식들을 맛볼 수 있으며 제주에서 나는 해산물 등을 구입할수 있어요.회를 한접시에 만원에 팔고 있었어요. 퍼장을 해가 먹거나 자리세를 내고 시장에서 먹을수 있는거 같았어여. 자리세는 추측입니다. 시장내에서 먹을 공간이 있다는 애기입니다.  그박에 제주여행에 기념품들을 구입할수 있어요.
174,"너무 기대를 하고가서 그런지  일반시장이란 느낌보다는  초코렛판매시장 같았어요거의파는거는 초코렛과 한라봉 ,귤종류 이고시간이없어서  많이  보지는 못했지만 두번은 안갈꺼같아요"
175,제주 사는 친구가 살만한거 없다고 굳이 갈 필요는 없다고 했는데 그래도 가보고 싶어서 고집 부려서 갔는데 정말 살게 없네요.. 오메기떡만 조금 샀네요
176,지역주민들 뿐 아니라 관광객들이 많이 찾는 성공적인 전통시장이다. 일부 관광객을 상대하는 점포들은 저녁 10시 까지 영업한다. 각종 해산물과 특산품 등을 비교적 저렴하게 구입할 수 있다. 저녁시간에는 젊은 층을 겨냥한 먹거리 위주의 약 30개 매대가 오픈하여 혼잡하다. 
177,야시장은 괜찮았는데 회는 절대 사지마세요.잡은지 한참 되었네요딱새우도 마찬가지 입니다.3만원치만 새로 잡아서 썰어준다는데 거짓말입니다. 흑우 되었네요.회는 말라가고 새우는 녹고있어요.
178,매번가긴하는데 공항근처라 돈베고기도맛나고간단히 식사하기도좋은데..쵸콜릿 11개씩 들었다더니 열어보니7개계속 방문하는데 이런거짓말은 좀 화나요!
179,먹을 것이 워낙 많고 기념품 사기도 좋아서 항상 사람이 많습니다.시장 규모가 큰 편이지만 가게들이 잘 정비된 편이라 둘러보기 좋습니다.
180,회를 않좋아해서 그런지 특별할것 없는 시장이였다. 주차장 출입구가 좁아서 차가 엉켜서 출차시간이 엄청 소요됐다. 그래도 딴곳보다 초콜렛이 쌌다
181,우선 주차장이 최악이었습니다. 좁고 복잡해서 바퀴 휠 긁는 사람 보았습니다ㅠㅠ 재래시장이지만 그냥 큰 기념품가게입니다. 선물용 기념품을 사기엔 괜찮겠지만 그 외의 목적에는 부합하지않을것같습니다. 아무곳이나 들렀던 분식집은 친절하거 맛있었는데 이름을 모르겠네요
182,"가는길 막히고, 주차도 힘들고, 사람도 입구에 너무 많고,,,ㅠㅠ 그앞에 푸드트럭에서 사먹으실 분은 가라고 하겠지만 궂이 거기 갈 이유가 없어요,,, 회 드실려면 그냥 하나로마트나 대형마트 가세요, 그게 더 신선합니다. 회떠놓은거 싫어서 활어회 떠달라고 했는데 아무리 기다려도 고기를 잡지 않아 물어보니,,, 자기네는 활어회 뜰 수 없다고,, 손님을 감당할 수 없다고,,, 미리 손질해놓은거 그냥 떠서 줍니다.. 그래서 따졌더니 미안하단 말 없이 그냥 3만원 돌려줌,, 그래서 동문우리수산가서 활어회 떠먹음,,, 처음간 횟집은 큰고양이 있는곳임.. 그리고 입구에 한라봉 쥬스 바가지에요,,, 안쪽들어가면 훨씬 쌉니다... 진짜 바가지에 친절하지 않고,, 최악이었음,!!! "
183,관광객 같으니까 바가지 씌우려고 하고상인에게 기집애들 이딴 소리도 들었네요 ㅋㅋㅋ물건 다 거기서 거기에요. 근데 상인들이 장사가 잘 되서 그런지 불친절한사람들이 많아요 ㅋㅋㅋㅋ 앞으로는 안 갈 것 같아요
184,"호텔 근처가 동문시장이라 첫날 들러서 구경했습니다~ 재밌는 볼거리와 선물로 쇼핑 할 거리들이 많아서 좋았습니다~ 다만 너무 복잡하고 앉아서 먹거나 쉴공간은 없어서 아쉬웠어요~! 공항 근처라 여행 마지막날 정도에 선물 사러 들르면 좋을 것 같아요~ 다만 회센터에서 들어가서 식사하시는 것은 비추해요~ 식사 전이라 회를 먹을까 해서 인터넷에서 유명한 횟집에 들어갔는데, 불친절하고 음식도 너무 맛이 없어서 첫날부터 부모님이 많이 실망하셨던 기억이 있습니다 ㅜㅜ 그냥 구경하고 선물 사기에는 좋은 것 같아요~! "
185,공항과 가까와 선물 구입하기 좋아요근데 선물 품목들이 너무 똑같아서 선택폭이 좁고주차장이 한곳에서 입고 출고가 이뤄져야 해서기다리는 시간이 엄청 길어요
186,공항과 가까운거리라 렌트카 반납하기전 부서 선물사러가기에 적합한 곳.감귤ㅡ시식하고 구매. 애플망고ㅡ비싸지만 가격대비 맛나서 가격생각이 안나요. 전화로 재구매.옥돔ㅡ 제주 옥돔. 중국산에 속지않아서 좋았네요.그리고 오메기(차조로 만든 떡) 진아떡집도 같이 가볼수있어 넘 좋았어요.
187,돌아오는 길에 동문시장에 들러 점심을 먹었어요~ 여행중에 간 올레 시장에선 호객행위가 없었는데 여긴 횟집하시는 분들이 호객행위를 해서 좋지 않았어요! 특히 올레 수산에서 일하시는 분이 자기랑 먼저 말섞어 놓구 왜 딴집가냐고 눈부라리고 소리지르면서 얘기해서 정말 불쾌하고 화나고 다신 가고 싶지 않았어요~ 월척 수산에서 회 주문하고 2층 식당으로 올라갔는데 회를 식당에서 뜨더라구요~ 근데 물고기들 상태가 건강해 보이진 않아서 썩 기분좋진 않았아요~ 해물뚝배기는 별로고 매운탕은 괜찮은데~ 전복죽은 정말 맛있었어요~~
188,"동문시장 규모가 꽤 큽니다. 과일코너도 있고 수산코너도 있고... 낮에는 덜한데 저녁시간대가 사람이 바글바글해요. 5시~7시가 피크같습니다. 이 시간대는 정말 사람이 많으니 참고하시길 바라고, 흑돼지스테이크나 꼬치구이 등 간단하게 먹을 간식거리도 많이 팝니다. 과일가게에서는 택배 서비스를 제공하고 수산코너에서는 테이크아웃용 회를 판매하니 드셔보세요. 1~2만원대입니다. 오메기떡 가게도 많더라고요. 다만 가격이 엄청 저렴하고 그런 건 아니에요. 어떤 건 오히려 비싸기도 하고요. 굳이 동문시장만 고집하지 않아도 됩니다."
189,27일 화요일 동문시장 방문했습니다. 상인들이 권하는 레드향 천혜향 한라봉 택배로 받았는데 레드향으로만 보냈더라구요. 그게 더 좋다며 뻔뻔하게 말씀하시더군요. 다시 택배 보내기도 귀찬아서 그 먹었습니다. 문제는 밑에 깔려 있는 것들은 얼어서 상하고 곰팡이까지 피었더군요. 과일 절대 사지 마세요. 진미*** 가지마시길
190,포장해오는 회의 질도 양도 바가지. 과일도 바가지.. 서울보다 비싸고 질도 좋지않음.. 여행기분을 망치고 싶다면 시도해볼만하다.
191,동문시장은 관광지가ㅡ맞습니다.갈치를 넘 비싸게 사서 후회했어요.인천 소래포구가 훨씬 싸드라구요 ㅠㅠ 해산물 귀신인데.제주는 먹거리가 생각보다 너무 비싸고 내용물이 없어요.ㅠ현지인이 가는식당은 따로 있겠죠?
192,한국에 있는 다른 시장과 비슷한 느낌이예요.. 다른 점이 있다면 제주도 기념품을 판다는 점....? 크게 뛰어난지는 모르겠어요ㅠㅠ 그냥 관광객으로서 한번 가볼만한 곳!
193,오메기떡 사러 간 곳 진아떡집 강추 관광선물로는 초콜렛과 감귤이 좋은것 같아서잔뜩 샀어요 ㄹ
194,초콜릿이나 기념품 살 때 여기가 제일 저렴하게 팔았던 것 같다. 오메기 떡도 맛있었는데 무조건 줄서는 집에서 살 것. 간판 믿지 말고...
195,저는 통영에 살아서 통영의 시장과 비교했을때다를게 없습니다...그저 흙돼지를 이용한 간단한 음식들이 몇군데 있고 개인적으로 시간을 버렷다고 생각합니다...뭐 그래도 관광을 왔으면 시장을 둘러보는것도 나쁘지 않다고 생각합니다^^
196,"저렴하지 않은 곳. 유명해서 구경할 거 많은 줄 알았다.그냥 귤, 생선, 떡볶이 ... 이런 거 사는 곳이다."
197,초코렛이나 과자같은 기념품을 싸게 구입할수 있어서 좋아요 제주도 갈때마다 매번 들려요 회는 조금 비추천입니다
198,규모는 크지않고 제주의 여러가지를 한눈에 볼수있는 재미있는 재래시장입니다 주변에 맛있는 식당도 많아서 추천!
199,관광지보다는 제주의 민낯을 보고 싶으신 분들이 좋아할만한 곳입니다. 민낯이 더 궁금하시다면 게이트에서 조금 더 걸어들어오셔야 합니다. 초입에는 주스나 간식 등 관광객들이 좋아할만한 맛난 것들을 팝니다. 다만 야외라서 너무 더웠습니다. ㅠㅜㅠ 
200,그냥 재래시장입니다. 많은것을 기대하고 가지 마세요.그냥 입구 근처만 보시고 다시 나오세요. 아무것도 구입하지 마세요. 여기서 파는거 다 다른데서도 팝니다.
201,"과도한 고객과 불친절하고, 지저분하며, 최악의 주차시설과 교통환경.여러분들은 무엇을 기대하고 이곳에 가는 겁니까?이곳에서'만' 살 수 있는 것들은 단 하나도 없습니다.강력하게 비추천합니다."
202,수산이 괜찮고 치킨도 맛있어요 아쉬운건 모닥치기를 안파네요.   ㅠㅠㅠ아참 안쪽에 성공식당에 돼지국밥 진짜 맛있어요 ㅋㅋ
203,"다른 구경거리는 별로 없네요해물튀김, 과일 쥬스는 맛있었어요.주차장은 무료였는데  시장과 바로 연결되니 비 맞을 일은 없지만설계를 잘 못해서 교행이 잘 안되요"
204,"토종 음식들 중 회, 흑돼지 족발 등은 가격도 적당하고 맛도 있었어요. 다만 회는 고를 때 신선도 잘 보고 고르셔야 합니다.순대는 특이하게 안에 당면 대신 밥이 들어있는 것이 이색적이긴 했습니다만 제취향에는 기존 당면순대가 나은듯 했습니다."
205,식사나 쇼핑 모두 비추입니다.식당들은 지저분하고 관광지보다 훨씬 비싸네요.먹을만한 건 떡튀순괴 포장용 횟감뿐....
206,유명한 떡집이 있다길래 들렸는데 생각보다 볼거리 먹을거리 살거리들이 많아서 놀랐어요. 사실 주민들보다는 가족단위로 온 관광객이 더 많았지만 생동감이 넘치는 시장이었던걸로 기억납니다
207,"주차하려고 몇 바퀴를 돌았는지..과일,해산물 등 엄청 많은데어제 농장들을 돌아봐서 그런지..농장보다 비싸서 못 사겠더라고요유명한 사랑분식은 줄이 길어서 포기하고 그냥 구경만 했어요"
208,맛집으로 소문난곳도 여러 곳 방문했어요. 생선회 관련 수산시장과 식당. 분식집방문했어요. 양은 많습니다. 맛은 맛집의 quality가 없다고 보여져요. 그냥 동네식당과 분식집인데 양을 많이주는곳
209,"제주도에 와서 제주도만의 특별한 아이템을 기대해서 그런가, 제주도만의 특별한 음식이 그리 많진 않았던거 같다...그리고 시장에서 먹은 흑돼지에  빠져버렸다."
210,먹을것도 많고 살것도 많다 귤이 참맛있고 회 가격도 싸다 먹고 구경하는 재미가 있지만 볼것은 거기서 거기인듯한게 조금아쉽다
211,주말에는 대중교통을 이용하시는게 나을수도 있어요. 토요일 오전에 방문 했을때도 공영주차장은 만차였으며 주변 우료주차창에도 자리가 없었어요.
212,"해산물, 과일, 떡집까지 모두 한곳에 모여 있어서 구경하며 주전부리하기 좋고 간단한 선물을 사기도 편리함. 저녁늦게가면 문닫은 곳이 많으니 5시 전후까지는 가야할듯. 관광지 개념의 시장이라 그런지 저렴한 편은 아닌듯."
213,많은 기대를 해서 그런지 저는 생각보다는 별루였어요 근데 식품군별  같은 카테고리의 분류로 안내가 잘 되어 있었네요
214,너무 기대를 하고 가서 그런가 생각보다평범하다는 생각이 들었습니다.맛집이라는 냉면집도 면이 빳빳하니 그냥 그랬고..올레시장이 더 재밌다는 생각이 드네요.
215,"제주산 싱싱한 해산물이며 나물 같은 류들을 많이 팔고 있어서, 만약 펜션에 묶었다면 먹을 거리를 많이 사갔을 것 같습니다. 타 지역과 달리 시장이 매우 활발한 분위기라 재미있었네요.제주도 여행왔다가 선물 사가기도 좋아요.시장에서 파는 고등어 갈치회 사다 먹었는데 싼 맛에 한끼 먹기 괜찮습니다"
216,"시장 구경도 하고 특산품 사러 시장에 꼭 들려요. 흑돼지도 시장 정육점에서 사면 더 저렴합니다. 한라봉,귤 등 가져갈 것들과 택배부칠 것들 시장에서 사면 되요. "
217,동문재래시장은 뭔가 상업적인 느낌이 강한대 좀 더 제주다운 곳을 가고 싶다면 동문재래시장보다 5일마다 열리는 오일장을 가보는 것을 추천함!!
218,"한라봉소프트아이스크림 4,000원..수산물 말린 옥돔 30,000원 등등저렴하고 좋은건 눈씻고 봐도 없는듯....이마트가 훨씬 좋다는걸 아시게 될듯./."
219,제주시 동문 재래시장에 다녀왔습니다~#식사할만한 곳 찾기기 조금 어려웠구요~~&회를 파는 집이 상당히 많아서 고르기 힘듦 ㅋ
220,비행기 시간 2시간을 남기고 찾음. 대충 둘러봐도 주말인지라 사람들이 많아요. 가뜩이나 바람도 많이 불고 하니 시장이나 근처 지하상가에 많은 듯. 오메기떡 하나 사고 말린 옥돔을 살까말까하다 그냥 왔네요.
221,유명한 곳 인데. 진짜 맛집들도 있지만 전체적으로 관광지 바가지가 있다는걸 부정할수는 없겠네요.관광객들이 붐비는 주차장 근처 말고 현지인들이 장보는 안쪽에 들어가서 구매하시면 가격이나 품질 모두 만족하실것 같습니다.
222,재래시장이지만 딱히 재래시장에 맞는 용품보다는 초콜렛 시장이라 해도 무방할 곳임. 본래의 시장을 되살렸으면 함. 주차난이 있음
223,그냥  일반시장이랑 별다른건 없는데 황금향이 맛있어서 5키로 구매했습니다. 초콜릿도 다양하네요. 그냥 시장 구경하기 좋아하시는 분은 한번 방문해 보세요.
224,초콜릿을 사러 가기 위한 곳이죠. 그 외엔 우리 근처의 재래시장과 큰 차이는 없습니다. 오메기떡도 맛있으니 구입해서 드셔보세요.
225,감귤초콜렛은  항상 여기서 사요~여행마지막날 들러서 초콜랫.한라봉 산후에  횟집들러서 회먹고 공항가면 딱이에요~
226,갈때마다 점점 실망하는 곳. 입구에는 관광객위주의 초코렛과 한라봉 파는 가게들밖에 없는데 가격도 너무비싸서 아무것도 안샀어요. 젓갈 갈치 다 너무비싸요. 안쪽으로 쭉들어가면 볼게좀있지만 모르는 관광객들이가면 입구에서 초콜렛만 사고올꺼같은 구조.
227,대풍 둘러봐도 보이는건 싸구려 초콜릿과 과자들이요.박근혜 대통령님께서 방문하신 재래시장이지만 본인의 방문은 선택의 몫.그나마 특색있는 가게들은 찾기가 어려우니 선물용 과자 시장.
228,제주 공항에서 가까운 동문재래시장을 방문했습니다.과일과 수산물까지 구경할거리가 꽤 많았습니다.한라봉쥬스와 감귤빵도 사먹었구요!ㅎㅎㅎ
229,기념품은 공항에서 사지 마시고 동문재래시장에서 사세요훨씬 쌉니다천제연폭포 앞에서 초콜렛 4개만원인데동문에서는 8개 만원까지 합니다
230,"커다란 시장이지만, 선물용품은 관광객 대상이라 그닥 싼건 아닌듯.과일이나 김치, 해산물 등 현지에서 먹을 것을 사러가기에는 좋을지도.그런데 동물냄새 엄청납니다 ㅋㅋ"
231,"아마도 나는 너무 오래 하는 아시아에서, 아닌 것 같은 느낌은 보는 시장 이 시작, 느낌 과 같은 냄새가 났어요. 재미는 있지만 전체적인 것 처럼 느껴지지 않을 통해 제공할 수 있는 특별한 느낌. 경우 새 아시아, 볼 만 하지 않나 하는 생각을 할 수 있어서 이곳에 오."
232,"이 작업은 일반적으로 현지 시장에 신선한 제품을 얻을 수 있는. 저는 이 곳을 저렴한 가격에 다양한 말은 아니지만 이 곳에서. 시장 입구로 각 입구에는 많은 수가 같은 물건들을 파는 특정 부분에서, 과일과 해산물을 사. 제주도 귤을 픽업해서 꽤 좋은 과자 들. 할인? 대부분의 상점들이 모두 같은 가격 할인 혜택을받을 수 있어서 인다의. 최고의 시간은 2 시 이 있는 낮은 사람들이 다. 또한 짧은 거리에 위치해 있어서 쇼핑 몰, 수행할 기회를 모두 즐길 수 있는 지하 쇼핑몰."
233,5 일 시장 만큼 크지는 않지만 일상 음식들이 명분 은 흥미로운 분석 기능을 제공합니다. 하지만 주차장이 있어 비가 오는 날이 어서 문제가 부트되지 않는 것일 수 있습니다. 몇 개의 식당에서 주문할 수 있는 지역 중 하나가 한 사람당 한 부분만 본 디스패치에 (한). 음식을 낭비하는 대신 우리는 그냥 나오 았죠.
234," * 먼저, 여기로 이동하지 않습니다. 대신, 갈 5 일 시장 (o 민속 - 일 장) 제주에서 - 즉. 수 있는 매일 2로 끝나는 또는 7: 2, 7, 12, 17 22, 27 일. * 같이 동문, 가장 좋았던 부분은 (hoddeok). 옆 골목 중 하나를 따라 이러한 아름다운 그랜드마즈 (할머니) 판매하는 볶음밥 파이 어 계피, 흑설탕, 너트 (hoddeok). 한국에서 먹어본 중 최고입니다. 매우 맛이 있었다. 이 세 가지의 포장 마차 골목. 최고의, 및 가장 오래, 가장 안쪽에 있는 시장 입니다. 나쁜 점: 공급업체 및 가격이 무례함을 다고들 합니다. 해당 상품은 최고 품질 이 아닙니다 알을 관광객들에게 더 나은 품질의 방법을 알고 하지 마십시오."
235," 맛있는 해산물을 즐길 수 있는 사람들이 해 먹을 수 있는 신선하고 요소 beautynes​​s. 하지만 많은 다른 레스토랑과 제공하는 질 좋은 해산물, 서비스는 정말 좋았습니다. 우리는 오후에 도착해서 약 5 차, 웨이터는 정말 해 일하고 있는 느낌 입니다. 주문 후 우리의 해산물, 결국 우리는 이상 좋은 다다미 식 레스토랑. 우리는 또한 주문하는 신선한 생선 은 신선한 현지 요리사 의 합리적인 가격. 전반적으로, 좋은 경험이었고 오후의 홍차."
236,"8시에 하는 곳입니다, 1/4 만 파는 열리고, 운 좋게도 간식 포장 마차 이 조금 있다. 이 "" 핫 "" 체크 아웃을 할 시간도, 할 시기. "
237,좋긴 하지만 훌륭한 쇼핑 이 점검하셔야 합니다. 대한 화장품 등을 구입. 
238,"이곳에 제주 호텔에 도착했을 때 버스에서 금요일 밤에. 시간이 약 35 - 40분 정도 걸리기 때문에 우리의 버스가 교통 및 경로 nondirect. 앞에 있는 작은 광장 시장 (길 건너편) 오픈 해 밤에 라이브 음악이 있는 곳. 우리는 또한 만 주위에 앉아 소리에, 입지 해 보였다. 자체는 매우 큰 시장 입니다. 순위는 귤을 파는 시장 입니다. 실 판매 후 로컬 귤 은 있습니다. 다양한 음식을 제공하는 판매할 수 있는 큰 시장들이 더 빠르게. 우리가 먹는 음식을 판매 여부 - 이 경우, 9000원 정도 가 있다. 해산물과 고기와 야채 도 판매. 시장 확대 하는 다른 영역 - 돼지 고기 가 상당히 가까운 블랙, 더 고급스러운 다른 가게와 레스토랑. 충분히 가치 의 1 - 2 시간까지 걸어서 시장 구경."
239,한국의 전형적인 현지 시장 중 하나. 편리한 장소 멋진 사람들에게 음식을 살 수 있는 물건.
240,"쉽게 얻을 수 있습니다. 할 경우에는 로컬 버스가 부탁 드립니다! 나는 버스를 쉽게 찾을 수가 100을 중지하고 모든 피감시물을! 찾기가 그리 어렵지 않다. 의 재래 시장과 같은 과일, 야채, 생선, 돼지 고기와 맵 은 한국 사람들이 많다. 고추 김밥 의 떡을 가게를 발견했다! 나쁘지 않음! 나는 걸어 다니면서 발견할 수 있는 곳은 한국 전통 공진접촉층. 하나 사고 아주 만족합니다! "
241,정오가 불가능한 것이 시장에. 신선한 해산물 요리 뿐만 아니라 전형적인 시장 농산물 및 관광 상품과 의류. 저는 아무것도 기억나지 않는 것이 바로 1년입니다. 너무 나쁜. 
242,"사람들에게 사랑의 물고기, 이 시장은 방문하기. 나에게 매우 흥미로운 제외. 또한 신발 가게, 옷, 초콜릿, 과일을 구입. 제가 느끼기에 조금 더러운 편 이지만 저는 많은 물고기 이 할수도 있기 때문에 걱정하지 마십시오."
243,"흥미로운 경험할 수 있는 현지 시장에, 있는 건지, 포장마차를 열 몇 가집니다 준비 아직 많지 않..."
244,얼마 전 서울 시장이 매우 유사했다. 나는 사실 이 덜 붐비고 더 좋은 수가 있기 때문에 실제로 갈 정도였어요. 흥미로운 경험을 한 곳입니다. 
245,"이 곳에서 지역 문화 볼 수 있습니다. 주인은 영어를 하는지 중국어 및 실 수는 없지요, 좀 어려워서 물건을 살 때. "
246,거의 모든 지역에서 찾을 수 있는 신선한 해산물 들을 파는 식당이 있다. 하지만 흥미로운 여기에 저렴한 것들을 실제 않을때 수 있습니다. 
247,"필요한 경우 일부 건조 식품 이나 과일, 당신을 위한 곳입니다. 근처의 수산 시장에는 많은 해산물 활선."
248,"전통 시장의 물건을 파는 많은 제주 오렌지, 제주도 초콜릿, 해산물 (예.. 물고기, 전복, 등), 돼지고기, 오렌지 주스 등등... 값이 같은 모든 다른 초콜릿 가게 외갑채. 다른 제품의 가격도 합리적입니다.를 방문할 수 있는 전통적인 느낌이 가장 큰 시장이 시장의 제주도. 나는 친구와 함께 가기 전에 청소를 준비 지원하지만 8pm 일부 상점과 가게 하기 시작했다. 마켓이 열리는 9pm (아닌 경우 잘못된) 까지."
249,"하지만 저렴한 가격에 최고의 장소에서 쇼핑을 하는 소리가 들려, 하지만 이것이 조금 비싼 편입니다. 또한, 개선되어야 할 조건을 방문하는 관광객이 세계에서 특히."
250,어렸을때 간 후로 잘 안 가긴 하는데 굳이 제주에서 시간내서 갈 필요는 없는 것 같음. 동물들 보는것도 뭔가 불편하고 벌레가 많음.
251,"협재해수욕장과 매우 가까운 거리에 있으며 제주 시내에서 차로 30~40분정도 거리에 위치해있습니다.입장료는 어른 12000원이라는 저렴하지 않은 가격입니다. 9개 정도의 테마로 꾸며진 공원이며 관람순서에 맞춰 전체 다 구경하면 약 1시간 30분은 걸어야할 정도로 엄청 큰 공원입니다. 공원안에는 천연기념물인 협재굴과 쌍용굴도 있고 황금굴도 있습니다. 다양한 테마로 이루어져있어서 아이들과 같이 간다면 좋을 것 같습니다.하지만 9가지의 테마라고 하기에는 거의 대부분이 나무와 꽃이 있는 정원이고, 세가지 굴과 작은 민족마을 이런것들이 전부라서 어른들은 조금 돌다보면 지루합니다. 입장료가 조금 쌌다면 좋겠지만 12000원 내고 또 가보고 싶지는 않네요."
252,"SNS에서 많이 소개된 곳이어서 기대를 좀 하고 방문하였다.  오전11시 30분정도 갔는대도 대기가 있어서 20-30분 정도 기다리고 미리 기계를 이용해서 주문하고 기다리다 먹었다.  둘이 갔지만, 보말칼국수, 보말죽, 매생이보말전, 닭칼국수 한개씩 시켜서 시식해 보았다.  보말칼국수는 산방산쪽의 ㅇㄷ칼국수 보다는 국물도 진하지 않았고, 간이 너무 짰고, 가성비도 떨어진다.  닭칼국수는 다른 곳에서도 먹을수 있는 정도였고, 죽도 보말이 그리 많이 들어가지 않았고, 전정도?  전체적으로 기대에는 훨씬 미치지 못하는 곳 이었다.  개인적으론  꼭 다시 찾지는 않을 음식점 이었다."
253,그치만 보테니컬한? 야자수 같은 식물이 많은 곳에는 모기가 너무 많아서 괴로웠어요 하지만 모기 밴드를 여기저기 묶고 다니면서라도 가고싶은 곳이에요! 버물리 꼭 챙겨서 방문하세요 ㅠㅠ 그리고 동굴 진짜 시원하고 예뻤어요 가보세요! 
254,오랜기간 제주도에서 유명한 관광지라고 하기에 방문했습니다.근데 꼭 가야할 곳이라고 추천해드리고 싶진 않아요!특별할 것 없는 식물원의 느낌이었습니다.
255,4월 중순 방문. 나무는 많은데 꽃은 거의 못봄.공작새 구경이 그나마 괜찮았고 나머지는 별로였어요.. 나무 좋아하면 좀 나을지도 모르겠지만 개인적으로 절반정도 보고나니 지루함. 벚꽃철은 좀 나을려나 싶기도 하네요
256,한국 남쪽 아름다운 섬 제주의 자연생태에 대하여 한 곳에서 관람할 수 있는 여러 곳 중의 하나로 추천합니다. 주변 관광지와의 계획을 고려하여 선택하는 것이 좋을 듯 합니다.
257,"오래전에 가보고 이번 방문때 다시 가봤는데, 생각보다 산책하며 둘러보기 좋더라구요.  연꽃이나 수석, 동굴체험도 좋고 요즘에는 조류를 가까이 보고 먹이도 볼 수 있는곳도 만들어놓고요.아주 특별하진 않은데, 협재 바다랑 함께 보시기 좋을것 같아요."
258,식물 안 좋아하면 가지 마세요. 하지만 식물 같은 거 좋아하면 꼭 가세요!! 신혼부부들의 필수 코스라는데 전 커플이 간 게 아니라서 그런지... 좀 별로더라구요. 식물을 좋아하지 않구요. 참고하세요!!
259,제주여행동안 비가와서 선택했는데실내도있고 외부도있어서 우산도쓰고 우비도입고갔더니 둘러볼만햇네요~사람이없어서 관람하기편했어요~동굴도 둘러보고싶었지만 시간이없어서 못간게조금아쉽네요입구에 동백나무가 굉장히예뻣어요^^카멜리아힐 못갔는데 그대신여기서라도봐서좋으네요 기념품점에서 제주도 기념 냉장고자석도 사와서 만족합니다^^
260,"고향이여서 한림공원은 어릴때 가는 곳이란 인식이 많았던 곳입니다아이들이 어려서 오랜만에 방문한 한림공원은 예전에 비하면 많이 좋아졌다는 느낌이였습니다입구에 음악과 중간중간 다양한 식물, 동물과 체험등이 인상 깊게 남았습니다다만 중간중간 이정표가 부족한 듯 느껴졌고 다양한 설화등을 확인할 수 없는 부분은 아쉬웠습니다"
261,그냥 가볍게 산책하기 좋은곳입니다. 새구경도가능하고 중간에 빈대떡 냄새가 너무 좋았습니다.
262,수많은 외국의 나무와 꽃 그리고 갖가지 난초 등을 볼 수 있는 곳이었습니다. 규모도 크고 조경도 훌륭하였습니다. 제주도 여행하신다면 꼭 가보실 것을 추천드립니다.
263,"개인이 만든 공원이라고 들었는데, 이렇게 큰 공원을 참 잘도 만들었구나 하고 감탄하게 되는 규모입니다.즉, 꽤 많이 걸어야 합니다. 종유동이 있지만, 만약 만장굴에 간다면(갔다면) 이곳은 안 봐도 되지 않을까 싶어요.분위기는 같고 규모는 저쪽이 크기 때문이에요.식물원도 있고 여러 가지 동물도 볼 수 있습니다.개인적으로 굉장히 좋아하는 타조를 보아서 신 났습니다."
264,"동굴에 들어갔습니다만, 그 전에 이미 세계 유산 동굴을 본 적이 있기 때문에 큰 감동은 없었습니다. 만장굴을 안 본 사람은, 우선 여기를 먼저 보는 편이 좋습니다. 부지가 넓고 꽤 걷기 때문에, 날씨가 좋은 날이라면 기분 좋은 산책이 될 거라 생각합니다. 그리고 타조가 귀여웠습니다. 개인적으로는 여기로 가는 도중에 해안 경치가 아름다웠다고 생각합니다."
265,"다른 테마 가든이있는 상당히 큰 공원입니다. 민속촌과 동굴 포함.시간이 제한되어 있으므로 더 긴 동굴 경로를 가지지 않았습니다. 정원과 민속촌.태양은 매우 뜨거웠고 열린 정원에서 한 시간 동안 걷는 것은 끔찍했습니다. 어쨌든 정원은 그리 재미 있지 않습니다.예, 식물과 꽃이 다르지만 식물에 관심이 없다면 솔직히 지루합니다."
266,"아이가 있는 가족, 이곳은 방문하기 좋은. 하지만 혼자 또는 커플, 관심을 볼 수 없는 유일한 식물. "
267,"입장료는 매우 비싸다. 에서 10, 11 을 지금 보다 000, 000원. 아니 정말 이른 봄 예쁜 방문 하기 때문에 아직 만개 않습니다. 일부만 특정 개월 동안 폐쇄 라는 예쁜 만개할 때. 협재 해변 근처, 좋은 방문하기."
268,이곳은 다른 종류의 식물과 동물 간의 즐거운 산책. 동굴 내부는 추운 날씨에 3시간 동안 걸어서 뜨거운 여름이. 민속 마을 및 워터 파크도 있다
269,"나는 더운 여름에 가지 않을 수 없는 하루 합니다. 또한 다른 식물, 동물, 민속 마을과 동굴 이 있습니다. 이러한 경우 이해할 수 있는 것이. 저는 자유 시간을 보낼 수 있기 때문에 날씨가 더 좋은 다른 것이라고 생각하지만"
270,"제주도에 가서 계획에 도달 1pm 협재 해변 선셋, 5분 거리에 있는 한림 parknis, 일몰을 기다리는 동안 저희는 가기로 했습니다. 입장료는 10,000. 제 개인적인 견해. 나는 나의 가치가 느끼지 않는다. 저는 친구들과 여행 예산, 그리고 우리는 열대의 측면에서 세계. 많은 것을 볼 수도 없는. 새를, 열대 정원, 야자나무, 워터파크, 우리를 감동이 있는 것 같아요. 하는 시간이 많은 제주의 여유 (달려), 또는 계획이 앉아서 휴식을 취하기 (휴식을 취하기에 좋은 장소인 자연을 만끽할 수 있기 때문에), 이 곳이 건너뛸 수 있습니다. 입니다. 저는 걷는 것을 즐길 수 있는 동굴 - 형 분재.가 보시면: 제주 시외 버스 터미널에서 버스를 타고 #702 보드, 가기 전에, 강타 의 말에 있는 한림 공원 및 드라이버를 t 머니 카드. 주위에 우리가 있는데 1hour."
271,"한림 공원이 있는 지역인 팜 트리, 튤립, 벚꽃, 등이 있습니다. 또한 바다에 가깝고 근처에 있는 동굴. 이야기가 역사 1971 경우 이후 웹 사이트 참조. 우리가 생각하는 사람은 2 - 3시간 합니다. 지난 주에 들를 때는, 그래도 우리는 튤립 볼 수 있습니다."
272,"낡고 제대로 관리되지 않는 것이다. 큰 공원이 있지만, 하지만 정말 크고 좋은 아무것도 없다. 쉬울 수도 있지만 (심지어 브로셔 보기) 가 있는 화이트 피콕 알이 수 없음. 꽃이 죽어 가는 (아마도 곧 겨울이 시작하기 때문에?) 기분이 조금 실망스러웠어요. 나는 이 여정을 계획할 때 조언을 하는 시간이 많은 것이고 아주 가끔은 싸지 않은 입장료가 이다."
273,"괜찮은 공원이 있을 경우 2 - 3hrs.좋은 아무것도 그냥 괜찮은.한 많은 관광객들, 하지 않는 한 시간에 갈 수 있는 평화로운 기대하지 않습니다.6pm 공원에서 가깝습니다."
274,"모든 주요 관광지에 있는... 꽤 작은 편이긴 하지만. 불리는 새가 있는, 정말 이 할 수 없습니다. 귀찮게 하지 않는다 괜찮다, 모든 것은 구속의 경우 엿볼 시간 "
275,"또한 같은 주와 함께 합성 정원. 나의 실망은 동굴에 끌리게 됩니다, 나는 훨씬 더 좋은 인상적인 동굴 및, 빈 공간이 있는 곳이다. 제 생각엔 시간 낭비, 제주도 관광지에는 훨씬 더 제자리표. "
276,"한림 공원 은 꽤 아름다운 공원. 정말 많은 것을 볼 수 있는, 및 식물 은 정말 장관 거였어요; 하지만, 이 공원에서 생활 환경의 동물들도 은 우리를 위해 사용하게 경험. 너무 작은 거북이 에 있는 아쿠아리움, 아쿠아리움 같은 것을 하지 않고 자연 식물 포함할 거북이. 사실, 거북 바위에서 용기는 몇 가지 있어. 충분히 우울 하지 않은 경우, 해당 조건을 공작 이 살고 있는, 아주 간단하게, 잔인한. 하지만 운 좋게도 이 지역에 있는 공작새가 돌아다니다 상대적으로 오픈, 공작 이 살고 있는 가장 작은 케이스 및 해당 엔클로저에 최대 13 기타 공작 공유할 수 있습니다. 충분한 공간이 거의 없었다 해 이동, 및 스트레스 조건에서 살고 있는 새 하는 듯 합니다. 그런 다음, 다음 에는 ostriches. 모든 ostriches 보고 피부 상태 간, 그리고 가장 가는 대머리 거였어요. 공원의 식물들 에 비해, 이 같은 노력을 듯 공원 안에 동물들을 돌보는 제대로 사용할 수 있습니다. 한림 공원 보다 조금 더 이상을 확인 하고 노력을 할 경우 해당 동물들이 살고 있는 동물들 은 제대로 보살피 조건을 제공합니다. 제가 추천하는 곳 입니다. 하지만, 현재 생활 환경의 동물들도 은. 저는 절대적으로 추천 하는 곳이 다."
277,"제가 갔을 때는 한림 공원 안에 기대하는 만큼, 이었지만 정말 즐거웠다. 이것은 정말 좋은 거리, 꼭다발과, 동상 이 있고 폭포, 동굴과 동물. 이 도시에서 벗어나 좋은 소리를 하는 경우에 있더군요. 하루 종일 시간을 보낸 곳이고, 우리에게 조금은 여행을 할 수 있기 때문에 확인을 몇 시간 만에."
278,"꽃과 식물을 좋아한다면, 입니다. 그러나, 이 모든 계절 따라 달라집니다. 다른 계절, 다른 꽃 볼 수 있습니다. "
279,큰 공원의 많은 식물들 과 작은 동물의 세계에서 용암 터널 3.저에게 너무 expencive.
280,"마침 비오는 날 방문했는데, 비내리는 숲향을 맡고 싶어서 갔지만 비가 내리기 시작한 즈음에 가서 그런지 제대로된 향은 맡지 못했다. 식사하고 한 번 둘러볼만한 곳은 되지만 입장료가 있어서 ㅎㅎ 다시 갈까 싶다!"
281,제주도는 기본적으로 어느 정도 이상의 자연환경을 갖췄기에 사람이 많은 곳보다는 한적한 곳을 추천함. 이곳의 숲은 울창해서 나쁘지는 않았지만 10월 중순의 토요일 비자림은 사람들 말소리에... 조용히 사색 혹은 뭔가 치유받고 싶은 여정과는 거리가 먼.. 그런 곳임.. 차라리 제주도의 사람 손길 닿지 않은 곳들 방문을 추천. 아니면 관리사무소에서 방문객들에게 주의를 좀 줬으면 하는 바램
282,생각보다 짧고 허접해서 조금 실망했어요ㅠㅠ그냥 아무 생각없이 걷기에는 좋아요 ㅋㅋㅋ 공기가 좋아서 기분이조ㅗ았어요
283,그냥 산림이라고 보시면 됩니다 전기차 충전소 있구여 숲 이에요 산책하기에는 좋은거 같아요 입장료 천오백원 입니다
284,차가 없는 분들은 절대 가려고 시도해선 안 되는 곳. 물론 풍경 자체는 아름답긴 했지만 제주도에 이정도 아름다운 곳은 많아서 특별할 것은 없어요. 그리고 버스로 가기에 너무 불편해요
285,"제가 방문했을때는, 그냥 산책하기 좋은곳이라는 느낌만받았으나, 친구가 방문했을당시 해설을해주시는 분과 같이 동행했을때 매력이 넘친다고하더라구요, 위치는 동쪽에 위치하며, 부모님 모시고 들리긴 괜찮은곳, "
286,it takes 1-2hour for a walk fresh air :) 절물자연휴양림 가려다가 비자림으로 갔습니다피톤치드 마시러 갔는데 좋았어요 잠시 머리식히러 가기에도 좋았어요사람도 많지 않고 시간되면 한 번 가보세요^^
287,눈이 엄청올때 갔는데 너무춥다그래도 비자림은 옳다. 살짝 꾸며진 공원같은 느낌인데 그래도 산책하기에 딱좋다
288,"산책 코스로 좋습니다. 비자나무 숲이라 공기도 맑고 사진 찍었을 때 잘 나오구요. 다만, 숲이라 그런지 모기가 많아요.. 긴팔 입으세요ㅎ"
289,폭우속에서도 숲을 들어가니 향기 가득 좋은 공기를 마시며 눈도 맑아지고 천년나무도 보고 1시간의 산책으로 건강해 지는 기분
290,겨울에 비자림은 좀 춥고 스산했지만 사람이 없어서 솔직히 저는 좋았어요 ..그냥 걷기 코스로 3시간 정도 생각하심 될거 같아요 .
291,아이들과 함께 걷기 좋은 산책길. 울창한 숲은 아니지만 가볍게 바람쐬기 좋음. 생각보다 작아서 한시간이내에 다 돌아볼 정도라 아쉬움. 일부러 찾아갈 정도는 아니지만 지나가다 들러볼 수 있는 곳
292,정말 힐링되는 기분이었습니다사려니 숲길을 갔다가 비자림에 갔는데둘 다 너무 좋았습니다꼭 가보세요 추천
293,산책하기 좋은 곳 입니다. 매우 조용합니다. 더 안쪽으로 걸어가면 트래킹도 할 수 있습니다. 좋은 경치입니다.
294,만장굴을 들리고 난 뒤 이곳에 왔습니다. 꽤 가까웠지요. 꼭 관광 해야 할 곳은 아니지만 많은 관광객들과 떨어져 한 두시간 정도 보낼 곳을 찾는다면 이곳이 바로 그곳입니다. 일요일에 산책을 하러 온 한국인만 있었습니다. 숲을 지나는 원형의 산책로가 있었고 잘 관리되어져 있었습니다. 다 걷는데 한시간이 걸렸습니다. 정말 편안하고 평화로웠습니다.
295,믿을 수 없지만 좋은 숲이 나 독특한단 한가지 유형의 나무 숲이 있는 것이 다
296,"자연과 산책을 좋아한다면, 이 곳을 즐길 수 있습니다. 좋은 나무 냄새가 인상적이고, 주변에 산책 시간에 수백 개의 동일한 나무 를 보유하고 하지 않습니다. 괜찮은 방법일 시간, 하지만 간의 일인 것 이, 사다리 를 선택합니다."
297,매력적이지 않았습니다. 월요일 아침에 이슬비 가 내려다 만 갔다. 그냥 예쁜 실행 (waaay 더 인상적인 사람은 다른 곳에서 본) 밀링 숲. 지불하지 않기. 준비된 신발을 발 / 명쾌.
298,정말 아무것도 특별한. 1000 및 2000 (청소년을 위한) (성인) 입장료. 나는 가지 않을 것이나 게스트하우스에 가까이 하지 않을 것. 흥미로운 것이 가족들에게 작은 아이들이 할 수 있습니다. 하지만 저는 해변에 가는 것보다는 걸어.
299,"한 번은 한국에서 가장 아름다운 거리. 독일어 에서 오는 시골의 작은 일반 숲 하이킹 트레일 이었다. 진짜 아무것도 특별한 정보. 저는 좀 실망스러웠어요. 만약 급히, 비자림 아니라 용암 터널을 방문하지 않는다 이 있습니다!"
