﻿,0
0,"날이 좋은 날 가니 바다빛이 동남아,하와이 휴양지 보다 더 예쁘더라구요. 하루 머무르면서 더 여유있게 둘러보고 싶단 생각이 드는 곳이었습니다.  전기차는 뒷좌석에 앉으니 풍광이 잘 보이지도 않고 바닥의 돌이 다 느껴지는 승차감ㅜ 돌아다니기 편하긴 한데, 타고 있으면 너무 불편한... 특이한 경험이었습니다."
1,"소가 누워 있는 모양이라고 하여 우도라는 이름이 붙은 섬입니다. 우도는 제주도에서도 배를 타고 들어가야 하기 때문에 많은 여행객이 방문을 망설입니다. 하지만 '우도8경'이라는 말이 괜히 있는 것이 아닙니다. 어딜가나 아름다운 풍경이 펼쳐지는 곳이 우도입니다. 우도를 여행할 때, 투어를 이용하면 우도에서 보낼 수 있는 시간이 제한적이기 때문에  개인적으로 찾아가는 편이 훨씬 좋습니다."
2,여름철 우도 방문 꼭 추천합니다. 겨울철도 보기 좋습니다. 우도의 해변은 진짜 이쁩니다. 우도봉에서 바라보는 풍경도 진짜 이쁩니다. 검멀레해변에서 보트타는것도 한번쯤은 추천합니다
3,파도가심해서 무섭고 어지러웠지만  잠수함타고 구경하기전에는 조금은 무서웠으나 잠수함이 끝날때에는  약간 아쉬운면도있어어요
4,바닷가 침식 해안 절벽이 계속 진행되어  가는과정을 볼수있고  정상에는 등대가 더넓은 바다를 비추고 있어 바다와 성산일출봉을 볼수있는 정상뷰가  제일경
5,"제주도의 부속섬으로 인기가 많은 관광지입니다. 전세계에 몇 곳 없는 홍조단괴해변이 있는 섬입니다. 우도에서는 검은 모래해변과 하얀 모래해변, 홍조단괴해변을 만날 수 있습니다."
6,우도 두번 가봤는데 여름엔 넘 힘들었고 봄가을에 전기차타고 다니기 너무조아요! 전기차타고 한바퀴 돌면서 유유자적 돌아다니니까 넘 좋앗음
7,제주도는 많이 가봤지만 30년 이상 살면서 우도는 처음 가보았는데 우리나라에 이런곳이 있었나하는 생각이 들정도로 하루 놀고오기 좋은 코스였습니다. 강추합니다.
8,"전체 섬을 일주하면 시간이 얼마 걸리지도 않는 작은 섬입니다.하지만, 잠시 멈추면 보이는 풍경도 예쁘고 제주도와는 분위기가 달라 참 좋네요.산호가 죽어 부서져서 만들어진 해변, 더 작은 섬인 비양도도 예쁘고, 한라산 볶음밥, 땅콩 아이스크림 등 볼 것 먹을 것도 많은 곳입니다.시간을 내어서 꼭 들어봐야 할 곳 입니다.다만, 렌트카는 유아나 고령자를 동반하지 않으면 입도가 되지 않으니 참고하세요"
9,하루 트래킹 코스로 아주 적당합니다.  우도 등대 가는 길이 경관이 좋습니다.우도 특산물인 땅콩으로 만든 아이스크림도 별미입니다.
10,자전거를 탈수있고 해변가도 있고 보트도 탈수있고 말도 탈수있는 하루안에 많은것을 할수 있는곳.다만 돌아오는 배시간 확인은 필수!
11,연인 커플의 명소인가 봅니다. 어찌나 커플들이 전기자동차를 많이 타고 다니는지  깜짝 놀랐습니다. 최고의 교통시설이지 싶습니다. 번지점프도 하시고 땅콩아이스크림과 해물칼국수도 드세요
12,저는 스테이 비젠빌리지에서 렌탈한 자전거를 타고 근처 종달항으로 가서 우도에 입도했습니다! 자전거를 타고 우도의 해변도로를 달리면 그 자체가 힐링이에요!!! 해산물도먹고 우도땅콩아이스크림도 즐겨보세요!
13,언제가도 좋은 우도~ 아쉬운건 사람이 많아진것.식당이 많이 생겼는데 가격이 너무 비싸요.스쿠터 빌려서 한바퀴 돌면 2시간이면 충분합니다.
14,아이가 있든 없든 우도는 최고같은 길에 버스. 승용차. 자전거. 오토바이가 한데 얽혀다니니... 그냥 버스관광을 추천(전혀 불편하지 않아요)
15,우리나라에 이런 해변이 있는지 몰랐어요~ 사진이나 TV에서느 보던 광경이 우리나라에 있다는게 신기할 따름이네요~ 아이도 너무 좋아하네요
16,바다가 아름다운 우도배에서 내리면 부두에서 전동카 삐끼를 엄청합니다가격은 비슷비슷합니다여름성수기에는 여행하기 너무 더울것 같네요한여름 피해서 갔는데도 너무 더웠습니다해녀의집에서 해물한접시에 소주한잔이 최고 맛집이네요 ^^우도바다는 아름다웠고 다음에는 1박을하고 야경도 보고싶네요우도에서 나가는 뱃시간이 정해져있기때문에 이쉬웠습니다
17,우도항에 도착하자마자 우도 땅콩 아이스크림이 있어요.거기서 아이스크림 먹고 차 타고 아이들과 함께 돌다보면 경치 구경돠 굿굿!!그리고 비올 때 안가는게 제일 좋은것 같아요.
18,"성산항에서 배로 15~20분이면 도착하는 정말 아름다운 섬 우도. 깨끗한 바다와 한적한 시골풍경을 모두 경험할 수 있습니다.우도 선착장에서 전기오토바이와 작은 전기자동차를 대여할 수 있는고, 이 이동수단을 대여해서 섬 전체를 천천히 구경하면서 돌아보면 약 4시간이면 다 볼 수 있습니다. 그정도로 작은 섬이지만 요즘에는 관광객이 정말 많아서 예전처럼 조용하게 휴식을 취하면서 산책하는 것이 이제는 힘들 것 같습니다. 게다가 상업시설이 너무 많이 들어와서 우도 자체의 고즈넉한 풍경을 감상하는 것이 더욱 힘들어질 것 같네요. 그게 너무 너무 아쉽습니다.그럼에도 우도는 정말 아름다운 바다와 해안이 어우러져 절경을 이루니 제주 방문하신다면 우도는 꼭 가보시기 바랍니다."
19,"우도 관광보트 1만원에 1시간 좀 안되게 타는거 있는데, 그거 진짜 제발 꼭 타주세요 ㅠㅠㅠ진짜 재밌고, 오토바이보다 자전거로 도는게 훨신 재밌는데, 섬 해안도로 자체가 경사가 심한 구간이 있어서 전기자전거 필수입니다. 마을안쪾으로 절대 들어가지마세요 길잃어요... 해안따라서 한 바퀴 돌면 기분 너무 좋습니다! :)"
20,도 카트 타고돌고 돌문어라면 먹고 넘 좋았다가는도중시엄시엄차도 마시고사진도찍고 파전도먹고 가다가카트가 배더리가 떨어져서 교체하구 ..추억을 많이  만들었다^^♡
21,제주도 갔으면 배타고 우도 한번 가봐야죠느낌이지만 물도 더 맑은 것같고 공기도 더 좋은것 같아요 . 다음에는 우도봉 ATV 체험 꼭 해보려구여 ~ 
22,우도 아이스크림이 유명하다고 해서 먹어봤는데맛은 그냥 그랬어요코스별로 돌다가 해녀집에 가서 소라랑 라면 먹었는데 맛은있지만 비싸요 바다는 예뻐요
23,우도는 힐링중 힐링의 포인트. 우도 선착장에서 바로 보이는 해변엔 외국인들이 비치발리볼을 함. 스쿠터를 빌려서 우도를 한바퀴 돌면 이보다 더 좋을 수 없음.숙박을 하면 차량을 가지고 갈 수 있으니 숙박을 하며 해지는 노을녁에 흑돼지를 궈먹는것도 추천함
24,"하루코스는 잡아야 될듯합니다.여유롭게 걸어다니며 사진도찍고 시원한 바람도 쐬고 맛있는거 먹고..우도가시면 꼭해봐야 할것우도봉전경으로 사진찍기,우도 등대공원,산호해변,전기스쿠터타기(초보운전은 좀 위험해보여요ㅜㅜ),땅콩아이스크림먹기,검멀레해변보트타기,사빈백사해변,비양도"
25,"성산에서 배타고 오전 일찍 방문.오전 이른 시간이라 그런지 사람들이 별로 없어 한적했습니다. 걸어서 충분히 돌아볼 수 있을 것도 같았는데, 어제 하루종일 걸음 후유증으로 선착장 바로 앞에서 전동스쿠터를 빌렸습니다.편하게 돌아다니며 구경하다, 요즘 광고도 나오고 우도에서 가장 핫한 카페인 블랑로쉐 방문... 12시부터 영업한다고 하여 아쉬움을 뒤로하고 한바퀴 쭈욱 둘러본 뒤 12:20 방문... 사람들이 너무 많아요...조용히 당일치기 여행하기 좋은 곳 같습니다."
26,"우도 관광하려면 식사 포함하여 하루 일정으로 잡는게 좋다. 대여 바이크 시간에 쫒기다보면 일정 빡빡할수있으니, 가능하다면 무제한으로 대여하는게 좋음. 5천원 차이라..."
27,땅콩 아이스크림 꼭드세요. 해안도로 드라이브 꼭 해보세요.한국이 아닌 느낌입니다. 그리고 중간쯤가면 해물라면 파는집도 많으니 꼭 한그릇 드세요. 물이 에메랄드 빛입니다. 여름에갔으면 물에 퐁당 빠졌을 것 같아요 !! 
28,들어가고 이동하는데 불편함이 있지만 그래도 자연경관도 멋지고 땅콩아이스크림 맛나요 ㅎ 다른 음식들도 맛나긴 한데... 비싸요ㅜ 
29,우도 일주와 잠수함 관광코스가 좋았음. 일주 버스 투어 중간중간 내려 도보로 둘러본 풍광은 너무 좋았다.  잠수함을 타고 본 바닷속 풍경은 신비로웠다.
30,"어딜가도 풍경이 좋습니다바이크도 좋지만 한여름엔 전기차로 도는게 좋을듯요. 한시간 반정도면 외곽으로 한바퀴 돌 수 있어요. 돌면서 경치보면 힐링이 됩니다. 배시간 잘 맞추시면 알차게 다녀올 수 있습니다. 땅콩아이스크림도 드시고, 시계반대방향으로 도는게 나은 것 같습니다. 정말 아름답습니다^^"
31,올레길을 따라 걷다보면 산과 바다를 모두 감상할 수 있습니다.바이크나 다른 교통수단을 대여해서 둘러보는 것도 가능합니다.
32,요기는 배를 타고 가야 해서 접근이 쉽지는 않지만 꼭 가보시기를 바랍니다. 렌트카 가지고 가야 합니다. 가서 이륜차 빌리는 것도 좋아 보이네요 넘 넘 아름다운 섬 입니다. 가보세요
33,제주 섬안의 섬으로 누구나 한번쯤은 가볼만 한곳. 또한 한번 가면 한번으로 만족하기 힘든 곳이다.우도봉과 검멀레해변등 버스도 좋고 스쿠터도 좋고 하루를 여유있게 투자해서 손해보지 않는다. 특히 고소한 우도땅콩 아이스크림은 필수.게다가 운이좋아 이즈음 동굴음악회를 함께 할 수 있다면 최고의 여행코스.
34,우도는 제주도에서도 배를 타고 가는 만큼 물이 더욱 맑고 해변도 다양한 모래의 해변을 볼 수있어서 좋아요. 또 전기차 모는게 재밌답니다.
35,맑고 조용해서 좋았네용 사람이 그리많지도않고오토바이 렌트해서 돌아다니니 재미도 있고밥먹고 카페가고 시간보내며 관광하기 좋아용
36,우도가 볼게 많은 곳이긴 한데 배가 일찍 끊겨서 다 보기는 힘들거예요. 시간이 없다면 검멀레 해변이랑 우도 등대는 꼭 보세요. 우도 등대 옆에는 바람의 언덕이란 곳이 있는데 뷰가 정말 아름답습니당
37,"일년에 2회정도 제주를 가는데 우도는 가지 못하다 이번에 갔습니다. 미취학아동을 동반할 경우, 렌트카를 가지고 갈 수 있어 좋았습니다. 사람이 많지 않아서 차타고 바람을 느낄 수 있어서 너무 좋은 경험을 했고, 우도안에 작은 섬들도 가볼 수 있고 특색있는 것들을 접할 수 있어서 좋았습니다. 땅콩 아이스크림과 흑돼지 꼬치등 먹거리가 한정적이긴 하지만 우도만의 특산물을 접할 수 있다는 장점이 있어 오히려 선택의 폭이 좁지만 특색있게 먹어보고 경험할 수 있어 좋았습니다. "
38,"우도 너무 좋아해서 2번 가봤습니다.차 가지고 들어가서 구석구석 돌아다녔어요.서빈백사 해수욕장 물 색이 정말 이뻐요.검멀레해안 내려다보면서 먹는 땅콩 아이스크림도 맛있었어요.차로 이동하다가 우연히 발견한 유명하지 않은 해변에서 해수욕했는데, 사람 붐비지 않아서 좋았어요.우도봉 경치 정말 멋져요. 꼭 가보세요."
39,작지만 아름답고 깨끗한 섬제주보다 더 아기자기한 매력이 있는 곳바닷색도 예쁘고 돌담으로 둘러싸인 땅콩밭들도 예쁘다
40,"제주의 동쪽에 자리잡은 작은섬..우도우도봉,산호해변,동굴등등..  많은 명소가있고 요즘은 먹거리도 풍부하다.성산항에서 도항선타고15분.."
41,제주도는 여러번 갔어도 우도는 처음 갔어요. 왜 이제서야 우도를 간건지 할정도로 너무 좋았어요. 특히 바다가 깨끗하고 너무 이쁘더라구요. 사진 찍을곳도 많고 다음에는 우도에서 일박할 예정이예요
42,다시 가고 싶은 곳이예요서빈백사 해변도 참 예쁘고 섬 안에 햄버거가 꽤 맛있는 집도 있어요 차를 가지고 들어가지 못해서 아쉽기는 하지만 다음 방문 때는 일박을 하고 싶을 정도로 마음에 들었습니다
43,검멀레해변도 멋있지만 제 기준 단연코 우도에서는 서빈백사입니다~! 바다색이 그리 투명하고 예쁘지 않을 수가 없어요!보트도 재미나니 꼭 타고 오세요~ 땅콩아이스크림은 선택이요 ㅋ
44,제주도에 간다고 해서 제주도만 가면 아쉬울 것 같아 주변의 섬들을 찾아보다가 우도를 보게 되어 하루동안 다녀오게 되었는데 멋있었어요
45,제주에서 배로 15분거리 아주 가까워요.바다 깨끗하고 전기 오토바이 자전거 등등 대여가 잘 되어있어서 반나절 코스로 딱 좋아요
46,전기차를 렌트해서 우도를 한바퀴 돌면서바다도 규경하고 예쁜 사진도 많이 찍었어요 카페에 앉아서 바라본 해변은 잊혀지지 않네요
47,"난생 처음 가본 우도...우도는 정말 아름다운 섬인 것은 맞다.,,깨끗한 바다와 다정하게 생긴 모습이참 친근한 느낌을 주는 섬으로 제주도와 얽힌 설화도 매우 재밌다. 제주도에서 떨어져나온 화산섬이라서 그런 듯 하다.검은 해변, 검멜레 해수욕장은 많은 드라마에서 본 그대로 파란 바다와 어우러지는 절경이다.다만, 배에서 내리자마자 겪게되는 스쿠터 호객행위에 넘어가 스쿠터를 이용했는데 스쿠터 대여 비용도 바가지이고(2대 65,000원) 너무 성수기인데다가 폭염으로 날씨도 너무 덥고, 사람은 많고, 길은 좁고 스쿠터는 위험하고 차량 등과 엉겨서 스쿠터를 모느라 섬의 정취를 제대로 느끼지 못했다.순환버스가 있는 줄 처음부터 알았다면 스쿠터를 이용하지 않았을 것이다.자전거와 순환버스 이 두가지만 관광객들에게 허용해야 할 것이다. 환경과 교통사고 등을 염두에 둔다면...Dennis라는 cafe앞에서 순환버스와 내 스쿠터가 좁은 길에 막혀 오도가도 못 하는 신세였는데 어디서 나타났는지 모를 어떤 그 지역 청년이 나를 친절히 안내해서 스쿠터를 뺄 수 있도록 도와 주었다. 최성수기라 길거리 주차가 많아 스쿠터와 순환버스가 엉겨 고생스러웠다.우리가족이 처음 들어간 cafe인 ‘엉클망고’ 사장님이 소개해주신 항구 근처 ‘뿔소라몽땅’에서 식사한 덕분에 우도에서 겪은 더위와 스쿠터로 인한 스트레스를 90% 해소할 수 있었다. 낯선 관광지에서 우연히 만난 친절한 사람 한명이 90%를 좌지우지..."
48,"걷기엔 무리고, 좀 둘러보고 싶다면 어쩔수 없이 전기차나 스쿠터를 렌탈해야하는데 가격이 비싸죠. 두시간에 1.5, 2, 3 만원 정도 합니다. 두시간이면 한바퀴 도는데 문제는 없지만 천천히 둘러보기엔 턱없는 시간이라, 훨씬 많은 렌탈비용이 필요합니다. 게다가 보험도 안되고 전기차나 자전거는 모르겟지만 스쿠터 상태는 정말 안좋더라구요, 다행히(?) 사람이 하도 많아서 빠르게 달릴수 없어서 덜 위험하다고나 할까요. ㅋㅋ 뭐 인스타 감성으로 이쁜 카페 들가셔서 인생샷 찍기도 좋습니다. 다만 음식값이 비쌉니다. ㅋㅋ 비싸고 정신없긴 하지만, 아름다운 우도 풍경으로 추천합니다. 면허증 있으신 젊은 분들은 꼭 스쿠터 타세요, 스쿠터 타고 달리는 우도는 정말 힐링 그자체입니다."
49,제주도에 가면 거의 대부분의 사람들이 렌트를 하는데요우도에 차를 갖고 갈 수있으니 왠만하면 렌트카를 들고들어가는걸 추천합니다~우도에서 유명한 수제햄버거도 먹고 경치가 너무 예뻤어요우도는 바람이 많이불면 배를 운항을 안해서 날씨를 잘 확인하고 가시는것이 좋습니다~
50,제주하면 여기는 꼭 들려야 하는 관광 코스다. 천해의 자연과 작은 오토바이를 대여해서 타는 재미는 꿀재미! 근데 이 오토바이 우도 섬 한바퀴 돌면 끝이니 참고해야 한다. 그냥 계속 타다간 오토바이 멈춰서 버린다.
51,서로바쁜 식구들이  편안하게 쉬러가기  좋은 장소.  이른 아침에 올레길을 걷기에 너무 조용하고 멋진 풍광과 보슬비 오는 바다는 지친 마음을 쉬게합니다.숙박하면 렌트카에 숙소이름 붙여  가지고 들어가 편안히 둘러보세요.
52,우도는 언제 가도 좋은 곳. 제주도와는 또 다른 느낌. 성수기에는 사람 많아서 북적거리지만 타이밍 잘  피해 가면 한적하고 참 좋은 곳
53,제주도 동쪽끝 가장자리 위에 위치한 우도.성산항에서 배편으로 15분정도 소요된다.지금은 많은 상가들이 입점해서 다소 섬이란 의미가사라지는거 같아서 아쉬워진다.그래도 바닷바람은 어느지역보다 시원하게 느껴지는 곳^^
54,날씨만 좋다면...사진 포인트로도 좋고 이곳저곳 구경하기에 참 좋은 곳입니다ㅎ제주 올 때마다 들리는곳 !!전기오토바이들도 많아져서 이동도 수월해졌습니다!
55,전기자동차로 한바퀴 한시간정도 소요되며바다색이 일단 말도안되게 예뻐요.외국온 느낌이었고 시간만 더있었다면 카약도 탓을텐데라는 아쉬움도 있네요. 너무 좋았습니다
56,오월 가벼운 옷차림으로갔다가 파카입은사람이  넘부러웠다  백사장 모래가날리고 머리카락이 눈동자를 때리고 그래도 멋진곳이다  버스투어는 휴일ㆍ날씨 춥거나 덥거나 단체많을때는 비추이다  버스가 작아서 사람이꽉차면 또기다려야하고  앉아서 창밖을 볼수있는 사람은 한정적이고 서서는 밖이 잘안보이기때문에 버스투어라할수없다  전기차렌트할때도 날씨에 따라서 선택을 잘해야할듯 ㆍ가장 이상적인건 좋은날 걸으면서  우도의맛을  느끼는거라 생각됨  
57,제주도 오면 항상 우도를 들려요! 자유롭게 자전거나 렌트카 등을 타고 멈추고 싶은 장소에서 멈춰서 땅콩아이스크림도 사먹고 사진도 찍고 즐길 수 있어서 좋았어요! 우도봉👍
58,다음엔 꼭 우도만 이박삼일 올래요 너무 좋아요~ 여유롭고...조용하고... 정말 힐링 제대로 되네요 ㅎ  차는 출입 안되지만 해안도로도 잘되어 있어서 우도와서 삼륜 전동차 빌려서 달리니 아주 좋았어요 ㅎ
59,"우도에 많이들 가보셨을 것 같습니다~이미 많이 알려졌죠~?저는 우도에서 걸어보시길 추천드립니다~전동오토바이도 재밌지만, 길도 좁고 사람도 많아서 주의를 많이 기울여야 해요~ 그러다보면 놓치는 것들이 많지 않을까 합니다. 저는 걸어다녔는데요, 물론 걸어서다니면 꽤 큰 섬으로 느껴지지만, 골목 사이사이에서 조용함을 잘 느끼고 왔습니다. 참고하세요~"
60,"이쁜카페도 많이 생겨서 쉬면서 관광하기 좋.아요. 전기차 렌트해서 다녔더니 편하고, 버스투어로 못갔던 곳도 가니깐 좋아요."
61,"넘나 평화로운섬 제주 성산포항에서 20문정도 배타고 들어가면 똭! 우도 사용 설명서.. 렌트카 제한을 뒀는데, 우도 안에서 전기차렌트 따로 하세요~"
62,제주에 올때마다 찾게되는 곳입니다 .자전거를 타고 우도 외곽을 달리는 기분은 무엇과도 바꿀수 없는 힐링이죠
63,물고 맑고 여러 곳많아 볼것이 많았어요친구들과 재밌게 잘 놀수 있었고 우도봉 너무 졸았어요한적한 바다 너무 좋아요
64,제주도에서의 또 다른 섬.. 색다른 섬. 가곳싶은 섬. 여름에는 사람들이 많아 피하는걱 좋을 듯합니다.
65,봄에 피는 유채꽃 등이 멋진곳으로 우도의 등대도 올라 볼만하다.이동 수단이 있으니 선택하여 이용하면 조금은 편안한 여행이 될것이다.
66,우도 둘레길은 쉬멍쉬멍 산책하면서 푸른바다와 하얀 모래밭을 걷기도 좋고 전동차를 빌려 구석구석 볼수있어요.또한 지금은 자가용 렌트카도 갖고갈 수 없어서 좋아요
67,10시쯤 우도에 도착해 버스 1일권을 끊을까 고민하다 조금만 걷고 버스를 타야겠다~ 했는데 걸어서 주요 코스를 다 돌았어요. 서빈백사-청진항-우도봉-검멀레-하고수동-천진항 순서로 걸었는데 크게 힘들지 않았습니다. 중간에 쉬기도 하고 점심 먹고 커피도 한잔 하는데 5시간 정도 걸렸네요. (25000보 정도 걸음) 걷기 좋아하시는 분들은 날씨만 괜찮다면 크게 무리 없이 버스나 전기차 대여 없이 걸어서 여행 가능합니다. 1년에 한번씩은 제주 여행 하는데 역시 그중에 최고는 우도라고 개인적으로 생각해요.
68,"4일간의 제주도 여행 중에서 가장 좋았던 곳입니다. 환상적인 해변, 트래킹 하기 좋은 길, 특히 렌트카가 들어가지 못하게 되어 더욱 다니기 좋아졌습니다. 도로가 한적하기 때문입니다. 군데군데 맛있는 식사를 제공하는 음식점도 있어 더욱 좋았습니다. 다음번에는 우도만 여행할 예정입니다."
69,성산항과 종달항 두군데에서 입도할 수 있습니다. 바람이 많이 불기는 하지만 우도에서 바라보는 노을은 정말로 장관이라 일정에 여유가 있으면 1박 하면서 꼭 보고 가셨으면 좋겠습니다.
70,렌터카 끌고 넘어갔습니다.잘 안 알아보고 가서인지 식당 선택 폭이 좁았던 것 같네요ㅠㅠ하얀 모래사장은 신기했어요!
71,오토바이 빌려서 한바퀴도려고 했는데 길 잃어서 마을을 가로지르고.빙빙돌기는 했지만! 풍경이 너무 그림같았어요ㅠㅜㅠ❤❤❤ 처음 도착했을때는 어두웠는데 곧 날씨도 좋아져서 좋았답니다ㅎ 당연한거지만 매우~추움으로 따숩게 입고가시고요 오토바이코스에 음식점.아이스크림가게가 많아서 배고플때  언제든지 멈춰서 먹을수있어요ㅋㅋ
72,배타고15분정도들어가서우도 전기오토바이 2만원 4시간검은모래해변 방문우도땅콩아이스크림 등
73,"여전히 아름답지만 괴랄한 개발로 그 아름다움이 많이 흐려졌다. 카트(?)같은거 빌려서 돌아다녀도 괜찮고 그냥 돌아다녀도 빨리빨리 다녀야 할 일이 없어서 좋음. 1박을 해도 나쁘진 않음. 산호사 해수욕장이 아름답다. 식당은 조심해야한다. 성게국수먹고 한바탕 난리나서 새벽에 응급실(엄밀히말하면 보건소) 갔는데, 거 동네 주민이 그집은 원래 관광객 상대로 안좋은 성게 판다고 혀를 찼다."
74,여름에 왜 제주도에  가는지 알겠다. 너무 예쁜 바닷가. 하지만 맛있는 식당이 없어서 많이 아쉽다.
75,전기자동차? 전동차? 같은걸 빌려서 다녔는데 시원하고 아주 좋았어요 한바퀴 도니까 딱  두시간? 세시간 정도 걸렸는데 예쁘고 좋은 풍경도 보고 맛난것도 먹고 즐거운 경험이었습니다.
76,제주도에서 하루정도 다녀올만한 우도. 생각보다 넓어서 걸어다니는건 무리이고 자전거를 빌려서 다니면 좋다. 바다도 이쁘고 땅콩아이스크림도 맛있다
77,우도는 언제 가도 사랑스럽죠제주도와 또다른 매력이 있기도 하고요우도의 아름다움이 그립네요
78,이제는 너무 유명해진 우도. 제가 갔을때는 차량이 아직 가능해서 차량 가지고 방문했어요. 도로가 많이 좁아서 셔틀타고 다니는게 더 좋을 것 같아요
79,"우도 버스투어를 이용해 관광지를 보러 다녔습니다. 저렴한 가격에 기사님들께서 관광스팟마다 친절하게 설명해주셔서 좋았습니다.전동차나 개조한 오토바이 등을 렌트해 돌아다니시는 분도 많던데, 저는 추천하지 않습니다. 지나다니다보니 오토바이 바퀴가 빠져 걸어가시는 분들, 오르막길을 오르지 못하는 오토바이들을 볼 수 있었습니다.다들 안전하게 버스투어 하세요!"
80,낮에는 관광객들이 와서 atv도 타고 시끌시끌한 분위긴데 저녁에 되면 다 빠져나가서 아주 고요합니다 ㅎ불빛도 거의 없어서 어둡고 무섭기도 하지만 ㅎㅎ 조용히 달빛이 비치는 바다를 바라보는 것도 참 좋더라구요 ㅎ
81,"제주도 가면 꼭 방문하는 우도! 방문하신다면, 꼭 전기자전거나 스쿠터를 이용하시길 추천해요~경치도 정말 예쁘고, 숨겨진 맛집들이 많더라구요~ 사진도 잘 나와요"
82,제주도 중에서도 가장 자연의 맛을 느낄수 있는 푸른 바다위 아름다운 섬 우도.한국인이라면 가족과 함께 한번쯤은 다녀 오시는게 좋습니다.도심의 스트레스가 많이 위험 요소를 가중 한다면 우도에서 다 날려 버리고 추억을 만든다면 세상에서 가장 친환경 추억이 될것입니다.
83,저는 차를들어가기전에 주차하고들어갔어요! 6세인가7세미만아이가있거나 65세이상이신분들이 일행에계시면 그때만 차를 가지고들어갈수있더라구요 많은분들이 우도 도착해서 전기차를타고다니시는데 저는사실비추예요... 바람불면휘청휘청할뿐더러 한번타는데 2시간한정이더라구 더길어지면 요금도비싸고 2시간에 우도를다볼수가없어요ㅠㅠㅠㅠ
84,제가갔을때는 차량 진입 가능할때여서 조금 위험하긴 했어요 그래도 바다 예쁘고 맛있는것도 많아요
85,방문 당시에 갑작스러운 비로 인해 맑은 하늘과 푸른빛의 바다는 보지 못했지만 다시한번 날씨 좋은날에 방문 하고 싶음! 투어 버스도 좋지만 전동 자전거나 전동차 빌려서 여유롭게 다니는걸 추천합니다!
86,"우도의 자연풍광은 감탄스러울 정도로 아름답지만, 찾는 사람들이 많다보니 쓰레기가 제대로 처리되지 않은 곳이 많았고, 관광지 개발에 따른 신축건물 건설로 폐자재 등이 관리가 안 된 채로 방치되어있어 많이 아쉬웠습니다. 지금은 좀 더 환경정비가 깨끗하게 이루어졌길 기대해 봅니다. "
87,우도는 자가용으로 관광할 수도 있고 투어버스를타고 다녀도 되고 자전거를 갖고 오시는 분들도 계시더라구요 저는 비가 오는 날이라 우도 투어버스를 이용해서 다녔는데 한번 입장료를 계산하고 투어 버스를 타고 중간중간 목적지에서 내리고 구경하고 또 버스를 타는 시스템으로 불편한점이 없었습니다 우도에서 먹은 톳부침개 정말 맛있었어요
88,제주도에서 갈 수 있는 섬이니까 제주도 간 김에 한번씩 둘러봐도 괜찮을 것 같아요! 우도 땅콩 아이스크림 먹고 오시길...! 맛있고 다른데의 땅콩이랑 달라서(껍질째 먹을 수 있음) 특색이 있어서 좋거든요ㅎㅎ
89,강풍이 불어서 걸어다니기가 힘들었지만 관광버스타고 돌아다녀서 구경할만했습니다.우도 가기 전 보트투어를 추천해주시길래 타보았는데요.설명도 해주시고 포토타임도 주시고 마지막에 아쉽지말라고 빙빙 돌아주셔서 스릴도 있는 체험이였습니다.나중이 날 좋을 때 다시 한 번 타고 싶다는 생각도 들었습니다!1인당 만원밖에 안하니 꼭 한번 타보시길 바랍니다!
90,배타고 들어가야하지만 꼭 꼭 들려보세요 바다도 넘아름답고 섬 자체가 정말 예뻐요 오토바이빌려서 섬 일주하는것도 반나절 정도면 충분합니다
91,1박을 꼭 하세요!!! 우도 자전거나 1인 오토바이 같은게 특이하고 괜찮아요~우도 바다는 빛도 다른 것 같아요~
92,이제는 차를못가지고들어가니 돌아다니기 더 졸아요~하지만 운전못하는 사람들이 오토바이는 안빌려주셨으며누좋겠네요.그냥 자기들끼리 엄청빨리달리면서 레이싱할정도니깐요.
93,섬이라 배타고 들어가는데 얼마 안걸리더라구요 섬도 깨끗하구요 전기자전거하고 전기오토바이? 그걸로 하루안에 구경가능해여
94,안에서 별로 볼것도 없구요. 하루를 우도에서 날려먹었다는 생각이 드네요... 한번정도만 가기에 좋은 곳 같아요. 
95,예쁘기도하고 사진찍을곳도 많아서 기분좋게 다녀왔어요~~ 차 도로는 좁으니 조심조심해야할듯요
96,우도를 처음방문했을때는10여년전이었는데 너무 이쁘고한적한섬이었는데 이번에 방문했을때는 관광버스가 많이돌아다니고 중국인관광객들도많고 너무 사람이많은 복잡한섬이었어요.
97,"부모님 모시고 간 우도, 우도 전체를 도는 버스가있어서 부모님 모시고 다니기도 괜찮았어요.  돌아다니면서 마을에서 운영하는 공동운영장같은곳에서소라나 전복같은걸바로 손질해서 쪄주시더라구요,막걸리랑 같이 먹으니 너무 좋았고, 일단 제주도 에서 그리 멀지않아서 너무 좋았어요, 커플끼리 와도 너무 좋을듯합니다. "
98,바람많이 부는날 가시면 힘들듯하시니 날씨 좋을때가세요 꽃도 많지만 돈받기때문에 현금챙겨가세요
99,맛집에서 맛있는것도 먹고 섬이 작지만 이쁜 포인트 장소들이 많아서 추워도 신나게 다녔어요!!!
100,우도에 대한 팁을 드리자면 해안도로를 따라 올라가는 해안가 이외에도 실제 우도 주민분들이 거주하는 섬 안쪽에도곳곳에 제주의 숨결이 남아있는 명소가 있습니다. 특별한 사진이나 추억을 남기고 싶어 방문하시는 건 좋지만주민분들이 실제  거주하는 곳이니 차마 권해드리진 못하겠습니다. 쾌적하고 좋은 여행 되세요.
101,이쁜 바다!배타고가면서 갈매기 밥도주고좋습니다. 해변 색깔이 동남아스탈ㅜ넘 맑고 이국적이에요
102,"많은 사람들이 방문하는 유명한 명소입니다. 지난 여름부터 렌트카를 가지고 들어 갈 수 없게 되었지만, 투어 버스를 통해 불편함을 해소했다는 글을 보고 갔는데.. 아직까지 자리가 잘 잡히지 않더군요. 자전거로 우도를 전체 이동하기엔 조금 무리가 있고 전기 툭툭이(?)의 가격은 비쌀뿐만 아니라 검멀레 해변과 같이 경사가 진 곳에서는 사고가 날뻔 한 걸 20분 머무면서 여러차레 본 지라 걱정이 됬습니다. 단체 관광객들의 버스들과 개인관광객들 모두 정신이 없없네요.. 자연경관에 비해, 1박 하지 않는 이상.. 이전처럼 여유로운 우도를 즐기기엔 이젠 어려운것 같습니다. 시장통같았습니다.. ㅜㅜ"
103,옛날에 차갖고 들어갔던 경험이 있는데이제는 차를 가지고 못들어감그런데 안에 탈것들이 다 비쌈
104,제주도 올때마다 들르는 우도 정말 백사장에 잇는 바다는 에머랄드 빛입니다.정말 좋아요 짱짱
105,제주에서 우도가 가장 재밌었어요 예쁜 해변도 좋고 카페도 좋고 버스투어를 했는데 편리하고 좋았습니다
106,우도 천진항에서 보트투어 (인당 1만 원)를 추천합니다. 대여점에서 전기자전거 등을 빌려서 한 바퀴를 돌면 세 시간안에 볼 수 있습니다.  1박하며 일몰을 보는것도 추천합니다.
107,"처음엔 큰 기대없이 우도에 갔는데, 너무 좋은 추억 만들고 왔습니다. 여느 커플들 처럼 전기 자동차 빌려서 섬 둘러보고 왔구요. 중간중간 내려서 사진도 많이 찍고, 명물인 땅콩아이스크림도 너무 맛있었어요. ^^한 여름이라 너무 더워서 힘들줄 알았는데, 경치 감상하면서 힐링 하니까 더워도 참을만 했습니다. 너무 더울 땐 중간에 예쁜 카페 앞에 전기자동차 세워 놓고 시원한 음료 한잔 시켜놓고 땀 식히세요. 쉬고 싶을 때 쉬고 가고 싶을 때 가고, 우도는 구석구석 내맘대로 돌아다는 재미가 있었어요.중간에 해수욕장도 몇 개 있는데, 정말 예쁩니다. 제주도 가시면 꼭 들려보세요! 추천합니다. :)"
108,작은 섬이지만 아주 예쁜해변과 언덕위에서 보는 멋진 풍경을 감상할 수 있는곳입니다. 한바퀴 돌며 땅콩아이스크림도 먹고 여유있게 즐겨보세요
109,우도에서의 일출을 보는것도 멋있습니다대부분 당일투어로 한바퀴둘러보고 나가는데 1박2일이상 있어도 볼것도 많고 즐길것과 먹을것이 많은 우도입니다!!
110,제주도 갔다왔는데 우도 안들리면 절대 안되죠~ 배타고 들어가서 오토바이를 타며 즐기는 여행~ 정말 한바퀴 돌면서 모든 풍경들이 아직도 마음에 남아있네요. 무조건 추천드립니다.
111,날씨도 아름답고 경관도 정말 더 바랄 것이 없었지요. 특히 바다모습이 아름다웠습니다. 전기스쿠터에 대한 더 철저한 안전 관리가 있으면 좋겠어요
112,크지 않은 섬이라 하루면 다 돌아볼수 있고 코스코스마다 좋은곳들이 많아서 한번쯤 가볼만한 가치가 있는 곳이라 생각됩니다.
113,가을 우도 억새바람과 함께 하늘을 걷는 기분이었어요~예전보다 개발이 많이 되고 관광객이 너무 많고 많이 변했다고 하지만그래도 역시 우도는 우도아름답고 예쁘니까 사람들이 맗이 오겠죠?!비수기 우도 방문 추천!!!
114,"하지만 사람도 차도 너무 많고 지저분해졌네요. 몇 년 전만 해도 정말 깨끗하고 이정도는아니었는데 작년 방문한 우도는 그냥 사람 많은 동네 관광지 느낌이었습니다.제주에 아직 한적하고 아름다운 곳이 많은데, 전 이제 굳이 이곳을 찾아서 가진 않을 것 같습니다."
115,"작은 섬이기에 하루 마음먹고 돌아본다면 곳곳을 볼 수 있음.하루 숙박을 우도에서 하며 돌아본다면 여유가 있을 것이나, 두시간짜리 렌트용 전기차로 돌아보기엔 너무도 일정이 빡빡함.한번 탑승에 1000원인 버스는 곳곳에 정차하지만, 일 무제한 이용 버스(5000원)의 경우 정류장이 4곳 뿐인 것이 아쉬움."
116,전기차 타고 달리면서 맘에 드는 카페나 해변에 잠시 주차해놓고 한가롭게 노닥거리기 너무 좋은 곳이네요. 차가 없어서 한가한 점이 더 좋았어요! 아쉬운 점은 가족여행이어서...ㅠ 연인이랑 오면 너무 좋을거 같아요.
117, 정말 많은 사람들과렌터카로 뒤덮였던 섬속의섬 우도가 이제는차량통제로 좀 더 한가롭게 여행할 수 있어 좋습니다
118,우도는 진짜 사랑입니다..!! 제주도 구석구석 아름답지 않은 곳이 없지만특히 우도는 더욱 아름다웠던 것 같아요.제주도에 가신다면 꼭 들러보시길!
119,우도를 당일투어를 했는데 아쉽네요. 1박을 하는것이 좋을 것 같네요. 물이 너무 깨끗해서 스노쿨링도 가능해요
120,"이 아름다운 섬은 전기차를 타고 3~4 시간이면 둘러볼 수 있는 작은 섬이다.우리는 도착 하자마자 전기차를 대여해서 섬을 한바퀴 돌았는데 곳곳이 아름답고 멋진 풍경이었고, 맛 집도 곳곳에 있고 수십번을 차에서 내려야 할 정도로 사진을 찍어야만 하는 곳이 많았다. 다만 10년전에 왔을때 보다 많은 변화가 있지는 않았다. 어쩌면 그것이 매력 일 수도 있겠다는 생각이 들었지만 아쉽기도 했다. 제주여행을 간다면 꼭 들러야 하는곳임에 틀림없다. "
121,우도를  갈려면 페리에 자동차를 같이 가져갈 수 있지만 앞으로 1년간 못 가지고 들어간다고 합니다 물론 차가 있으면 편하지만 워낙 스쿠터등이 좋아 굳이 필요없을듯 해요 해수욕장도 식당도 비양도 가는 길도 아무 지장없이 섬 구석구석을 볼수 있어서 좋아요
122,배를 타고 들어가면 끝없이 펼쳐지는 푸른 바다에 넋을 잃게 되죠 ~ 전기차 타고 계속 달리면 싱그런 바다내음 물씬!!  곳곳에서 해녀분들이 파는 싱싱한 해산물도 꼭 즐겨봐야해요^^ 땅콩 아이스크림도 필수~
123,아기자기한 섬. 자전거나 스쿠터 빌려서 한바퀴 도는거 참 좋습니다. 자전거로 쉬엄쉬엄 도는데 한 3시간 정도 걸리는 거 같아요. 땅콩아이스크림은 그냥 남들 다 먹으니까 한번 먹어보는 맛이였고 땅콩막걸리는 고소하고 맛있었습니다.음식점들은 생각보다 별로였어요. 
124,우도는 이번에 처음 방문했고 1박했습니다. 1박하기는 아쉬운 보물같은 섬이에요.... 사륜스쿠터 대여비가 비싸서 다음에 올때는 한가한 시간에 차 가지고 들어와야겠네요.
125," 배를 타고 들어가서 소형전기차를 타고 섬 한 바퀴를 돌았습니다. 땅콩 아이스크림도 사먹고, 주요 포인트에서 내려 사진도 찍으면 3시간이 금방 지나갑니다. 사람, 차가 많지만 아름다운 풍경이 있어 좋았습니다."
126,자가용이 있어도 차라리 몸만들어가 전기차나 다른거 빌려서 돌아다니기를 추천. 개.재.밌.다.
127,전기차를 타고 우도한바퀴를 돌면 구석구석 이쁜 우도의 명소들을 구경할 수 있어요~ 서빈백사도 보고 노란물결이 가득한 유채꽃밭도 보고 너무 좋아요~
128,땅콩이 유명한 우도를 다녀왔습니다. 땅콩아이스크림은 맛있었고 우도 해변도 아름다웠습니다. 하지만 불안하게 운전하는 오토바이는 우도를 거닐기에 위험해 좀 아쉬웠습니다.
129,"바다 매우이쁘고 사진찍기도 좋고 이뻐요차가지고 들어갔는데, 다음에는 가서 뭐빌려서 탈려구요. 근데 사람이 너무많기도하네요 ㅠ_ㅠ"
130,사람이 굉장히 많지만 바다가 맑은 편입니다. 서빈백사나 검멀레해변은 사진찍기에도 좋은 곳이고 중간중간 맛집들도 있어서 여유있게 돌아보는게 좋아요. 섬이 크지 않아서 금세 한바퀴 돌 수 있습니다. 단점은 바이크나 스쿠터타는 사람들이 많고 도로에서 무법자처럼 다녀서 불편했습니다.
131,너무 유명한 곳.배를 타고 들어가서 섬내를 도는 유료투어버스가 있고여유가 된다면 직접 걷거나 자전거 등을 이용하는게 더 소소한 아름다움을 즐기기 좋을것 같네요사람이 많아 가본 사람이라면 엄청 다시가고 싶고 그러진 않네요
132,"2,3월에 중간중간 날 엄청 따뜻했던 때 있잖아요. 저희도 그럴 줄 알고... 3월에 간거 였는데.. 너무 추웠어요... 우도가서 무슨 쓰리윙이라고 바퀴 3개 달리 오토바이같은거 렌트했는데... 알려주는것도 초고속으로알려주고 ㅠㅠ완전 운전한 기억밖에없어요....ㅠㅠ"
133,우도하면 서빈백사라고 생각하실수 있지만 생각왜로 보트르 타고 바다를 도는것도 굉장히 색다릅니다.바람의 언덕을 올라 맞바람을 느껴보세요
134,"자전거 타고도 돌아보고, 스쿠터 타고도 돌아봤는데 많은 시간이 걸리지는 않았습니다. 바다 색도 제주도랑은 또 다른 맑고 깨끗한 느낌이었습니다. 중간중간 간식도 맛있었구요."
135,제주도를 몇 번이나 갔지만 우도는 처음이었어요 이제까지 못가 봤다는게 너무 아 쉽네요 옜날 제주도의 모습을 간 직 하고 있어요 돌담이나 시골 풍경이 너무 예뻐요 배 타고 가야 돼서 쉽진않지만 배 시간 확인 하시고 꼭 가보세요
136,제주도는 어딜가든 다 한폭의 그림같습니다.  그 중에서도 날 좋은 우도는 특히 더 좋았어요! 제주에 오셨다면 한번은 방문하길 추천합니다.
137,성산에서 배를타면 약 30분정도 걸리는 우도는검은모레 해안.깨끗한 바다색깔 등또 다른 매력적의 제주를 선물할것이다.땅콩아이스크림이 유명해졌고하루정도 숙박을 하는것도 추천한다.할인쿠폰을 이용해 왕복페리를 이용하시길
138,제주도를 2틀만 묵을 수 있다면 하루 일정 추천. 중국인이 없어서 너무 좋았어요!무엇보다 검은 해변이 너무 아름다워서....가족여행이여서 배를 안 탔지만 다음에는 배도타고 싶어요
139,말로만 들었던 우도를 자전거타고 한바퀴도니 천국이 따로 없네요중국인도 없어서 더더욱 좋았어요물론 그렇다고해도 사람은 많았지만 외국보다 더 외국같았던 아름다운곳입니다.
140,너무너무 아름다운 섬 우도! 당일치기로 다녀왔는데 1박을 하지못해 아쉬웠습니다.전기차를 빌려 우도 한바퀴를 돌다보면 탁 트인 공간과 너무 이쁜 가게들도 많아 시간가는줄 모르고 구경하게됩니다. 제주도를 간다면 꼭 들려야하는곳!
141,배에서 내리자마자 보이는 오토바이 대여소 말고 다른 곳에서 빌려야 함. 2월에 갔는데 그 대여소에서 빌린 오토바이는 양쪽이 뚫려있어서 바람때문에 너무 추워서 눈물이 났다. 심지어 너무 꽁꽁 싸고 앉아있어서 식은 땀에 엉덩이도 젖음. 바다 색도 예쁘고 다 좋은데 진짜 바람 엄청 엄청 많이 불고 추우니까 봄에 가도 가디건은 필수
142,한번쯤 꼭 가볼만한 곳. 대신 운전할때는 사진찍으라 앞도 안보고 질주하는 무개념여행자들 때문에 위험하니 조심해야할것.
143,"너무너무 아름다웠던 섬. 우도! 가족들과 함께 한 여행에서 가장 좋았던 기억이 바로 이곳이네요~ 저희는 차량을 일부러 두고 버스로 이동했는데 두고오길 잘했더라구요. 골목이 좁아 위험하거든요 버스로 검멀레,서빈백사 돌고 왔는데 버스 너무 편했고 바다도 너무 아름다웠습니다. 다음 여행때 또 오고 싶은 관광지 베스트 장소에요!"
144,"우도에서 1박했는데 안자고 그냥 나왔으면 엄청 후회했을 것 같아요. 시간 여유 되시는 분들은 1박이라도 꼭!!하시길 바래요!! 바다, 카페, 음식 뭐 하나 아쉬운 것이 없었던 우도였습니다."
145,"제주도에서 배를타고 가면 만날수있는 우도. 제주도 또한 사랑스럽지만 우도또한 매력이 장난아니다. 10년전에가고 10년만에 올해또갔는데 그당시엔 스쿠터로 일주를 했는데, 세상이 좋아져 요즘은 전기차로 가능하다 (소셜커머스를 이용하면 저렴하게가능)2시간30분을 대여해서 한바퀴를 돌고나니, 다소 추운겨울에도 문제없이 잘돌아 다녔다. 사진을 찍어도 너무 이쁘고 아름다워 한장한장이 다 추억이고 사랑이다."
146,전 너무 깨끗하고 맑은 날씨 때문인지너무 좋았어요~저는 배타고 안 나오고 우도에서 1박했구요너무 기억에 남는곳이예용
147,아주 좋음.푸른바다가 멋짐!!!하지만 조금 더러워 지는듯......가족단위로가면 전기자동차도 무지재미있음 요즘 점점개발하는데 자연 파괴대니까 그만좀 하세요.
148,"작은 섬이지만 멋진 풍경. 등대쪽 절벽, 산호사해변의 에메랄드빛 바다색깔 너무 예쁩니다. 땅콩 아이스크림은 4~5천원(토핑) 하는데 가격대비 별로. 철선에 차를 태워서 가져갈 수 있는데 도로가 좁으니 조심하셔야 합니다."
149,"성산항 도착.. 우도에 들어가기 위해 배 타러 왔다. 배에 차를 싣고 도항했는데, 차종은 '스파크' 도항료는 31,600원이었다. 멀리에 우도가 보인다. 소우(牛)字를 쓴 우도인 것 같다. 소머리(쇠머리)오름으로 불린다고도 한다. 바다 물빛과.. 경치가 아주 기가 막힌다. 차를 몰아 해안선을 따라 섬을 빙글 돌았는데.. 백사(흰 모래)로 인해 바다가 에메랄드빛으로 출렁이는 곳에 도착.. 하고수동해수욕장이었던 것으로 기억한다. 예쁘고 예쁘고 예쁘다. 평화롭고 평화롭고 평화롭다. 사방이 절경이다. 오기 참 잘했다는 생각이 자꾸만 든다. 정말 푸른 섬이다."
150,가족여행으로 추천 잠시 보다 나가는 것보단 1박하면서 여유롭게 즐기는게 좋음 검멀레 해변 보트 진짜 최고 강추 우도 8경 구경하는데 만원 가성비 짱이고 재밌음
151,"우도(牛島)는 제주도의 동쪽 끝에 있는 부속섬이며, 제주도 다음으로 큰 섬이다. 우도란 이름은 섬의 모습이 소가 누워 있는 것 같다고 해서 붙여졌다.섬의 면적은 6.18㎢이고, 인구는 2014년 9월 말을 기준으로 1,663명, 우도에는 1698년부터 사람들이 거주하기 시작했다. 북제주군 구좌읍 연평리였다가 1980년에 출장소(연평출장소)가 설치되었고, 1986년에 연평리가 우도면으로 승격하였다. 현재는 제주특별자치도 제주시 우도면이다.우도에는 우도팔경 및 해수욕장이 있어서 많은 관광객이 방문한다. 서빈백사 해수욕장과 지두청사가 유명하다. 땅콩, 마늘, 소라, 오분자기, 널미역 등을 생산하며, 가축 사육도 활발하게 이루어진다.우도 팔경 : 주간명월, 야항어범, 천진관산, 지두청사, 전포망도, 후해석벽, 동안경굴(배로 이동하여 관람 가능), 서빈백사"
152,"크지는 않지만 또 작지도 않은 섬입니다. 그 안에 자연의 모든것이 있다고 해도 될정도로 아름다웠습니다.4월초라서인지 조금 바람이 불어 쌀쌀하게 느꼈지만 날씨 이상의 볼것이 많아 즐거운 여행이었습니다.,땅콩 아이스크림은 꼭 드셔보세요..^^"
153,"5점 다주고 싶지만, 1점 뺀 이유는엄청난 바람 때문에, 사실 머리가 아파서 고생했었음.하지만, 아름다운 곳이 정말 많고, 하나 하나 놓치기 싫은 풍경이었음.굴 안에 들어가는게 생각보다 접근이 쉬운 편이라, 동굴을 지나는 추억도 생겼고검은색 모래에 대한 매력도 느꼈음.근데 또 반대편으로 가면, 하얀 팝콘 자갈들도 볼수 있어서, 동과 서가 다른매력을 가지고 있는 곳인 것 같음.우도버스관광은 걷는거 좋아하는 사람들은, 안하는것도 추천함. 오래 머물 사람은 버스 투어 하지 말고 걷는게 더 좋을 것 같음.(왜냐면 정말 아름다움)다만 섬이라 그런지 기본 물가가 상당히 비싸고땅콩이 유명하지만, 요즘은 땅콩을 재배하지 않는다고 함(! 헐 충격..)그걸 다 보리밭으로 바꿔서, 이제 그 보리로 맥주를 만든데요!!!!!!!!!!!!처음 갔는데, 또 가고 싶어서 다음에 한번 더 갈까 함 ^^ 길~~게 !"
154,"제주의 자연을 가장 잘 느낄수 있는 장소라고 생각합니다. 바다가 보이는 풍경이나 해변가도 좋고 버스 투어를 하거나 스쿠터, 도보 등으로 즐기기에도 부담없는 여행지입니다. 우도로 가는 접근성도 나쁘지 않고 주변의 성산일출봉이나 섭지코지를 함께 볼수있어 개인적으로 가장 선호하는 코스입니다."
155,제주 여행은 끝도 없습니다. 매우 큰 섬이고 그 섬 안에 관광지는 넘쳐흘러 어디로 가야할 지 모르기 때문입니다. 하지만 제주에 갔을 때 꼭 가야하는 관광지는 정해져 있습니다. 그 중 한 곳이 바로 우도입니다. 제주시 동쪽 끝에 위치하고 있으며 제주도의 부속 섬 중 가장 큰 섬으로 소가 누워있는 모습이라 하여 우도라 불리는 곳입니다.섬 전체가 관광지로 도보로는 절대 권장하지 않으며 투어버스가 있긴 하지만 이 역시 권장하고 싶지 않습니다. 면허가 없다면 전기자전거를 면허가 있다면 렌트카와 함께 배를 타고 가거나 아니면 전기스쿠터를 이용해 우도 관광을 즐기는 것이 바람직하며 우도에는 맛집도 상당히 많기 때문에 먹을 걱정은 전혀 하지 않으셔도 됩니다.섬 안에서 꼭 해야 할 액티비티라고 하면 우도봉 밑에 있는 동굴보트 체험인데 말이 동굴보트 체험이지 그냥 제트보트를 타고 섬 주변을 도는 것에 불과하지만 제주 여행 중 가장 즐거웠던 시간으로 기억될 만큼 재밌는 경험이 될 것입니다.
156,성산항에서 배를 타면 지척거리에 있다.트레킹으로 둘러보기에 좋게 작은 섬이고 또한 스쿠터를 타고 돌기에도 좋다걷다가 발길 닫는 곳에 찾집에서 바다를 보면서 차 한잔의 여유를 갖기엔 최고의 섬~하지만 관광객들이 많을 땐 교통란이 심해 피하는 것이 좋다~우도의 밤은 환상적이다~
157,성산포에서 배 타고 15분~ 동남아 해변을 보는 듯한 투명한 바닷물이 아름답습니다. 우도봉에 오르면 확 트인 전경이 가슴이 뻥 뚫린답니다
158,우도를 들어가서 교통을 이용할때 렌트카를 이용하시는분은 렌트카 약관을 꼭 확인 후 이용해야 한다 우도는 보험적용 안되는 업체가 많기때문
159,"우도 풍경이 정말 예뻐서 전반적으로는 만족스러웠어요. 단지 사람들이 너무 많아서 전기차, 승용차, 버스가 엄청 많이 다녀서 정말 사고 안나게 조심히 다니느라 힘들었어요. 그리고 전기차를 이용하면 우도 둘러보는데 시간이 조금 빠듯할 수 있다는게 아쉬웠어요. 다음에 가게 되면 여유롭게 걸어서 우도를 둘러보고 싶네요."
160,땅콩막걸리 천혜향아이스크림 땅콩아이스크리무다맛있고요 경관도너무좋아요 해안도로따라 사진찍을만한곳이 정말많고 음식점이나 카페도 괜찮은곳이 많습니다. 
161,섬에 들어가는 배를 늦게 타서 부랴부랴 전기차를 타고 돌아다녔는데요 중간에 해녀식당에서 엄청나게 맛있는 해물전복칼국수를 먹고 해안가 도로를 한바퀴를 도니 딱 두시간 반 정도가 지나더군요. 나오는 막배를 타고 다시 성산항으로 돌아왔는데 배 출발 5분전에 도착해서 정말 쫄보가 된 기억. 한바퀴 도는데 지도가 약간 헷갈려서 길 잃기 십상이에요.. 조심해서 시간 배분 잘 하셔서 돌아다니세요!
162,우도 하면 우도 땅콩 막걸리를  빼놓을 수가 없죠직접 가서 마셔보니 대단했습니다. 경치도 좋고 맛좋은 음식도 많은 우도제주도에 가면 꼭 가야할 명소인것같습니다.
163,우도를 들어간다면 무조건 자전거투어나 오토바이투어 한마퀴를 돌수있는 투어를 즐겨야 한다.면허가 없다면 5천원만 내면 버스투어도 가능하니 꼭 돌아보길 바란다.땅콩아이스크림도 먹어봐야하고 흑돼지버거도 먹어야하고 물놀이도 해봐야한다팝콘돌맹이도 보고와야한다! 서빈백사!! 그리고 제발 돌맹이좀 가져가지말자
164,"한적한 시기에 우도에서 밤바다 위에 떠있는 제주도를 바라보세요. 마음이 시원해지네요.. 그리고, 우도를 한바퀴 돌다보면 어느덧 일상에 벗어나 있는 나를 찾을 수 있어요."
165,풍랑주의보 뜨면 갇혀요 ㅎㅎ그래도 덕분에 우도 구석구석 제대로 구경함으아~ 땅콩 막걸리는 맛없음
166,엄청 더운 여름에 가서 많이 걷지 못한게 아쉬워요. 투어버스로 돌아다녔는데 내리는 곳마다 다 아름다웠어요. 그런데 쓰레기가 너무 많아 눈살을 찌푸리게 했네요. 날씨 좋을 때 구석구석 다 걸어다니며 구경하고 싶어요.
167,스쿠터 안빌렸으면 짜증만 엄청나고 짜장면만 먹고올뻔했어요.ㅎㅎ 스쿠터빌려서 이곳저곳 구경하고 뭔가 되게 한적하고 한가한 느낌도 받고 바람도 너무좋았고 여러가지 좋은경험 하다가네요..
168,"제주도에서 배타고 들어가는 아름다운 섬 우도차를 가지고 많이 들어가지만, 들어가서 자전거를 빌려 돌아다니는 것도 좋을듯"
169,가족들 태우고 차로 한바퀴 반나절 돌았습니다.가족들이 매우 만족했습니다. 12월에 다소 추운 날씨였는데.. 우도 이곳저곳에서 본 절경은 추운 날씨보다 더 좋았습니다.바람만 안 불면 12월도 구경할 만 할 것 같음.
170,"재거 이곳을 와서 조금은 추웠지만 정말 저한테는 아름다운 여해지, 바로 우도 그리고 아름다운 경치 가 있는곳이라고 생각합니다."
171,우도!특별한 수식어는 필요없습니다보통 아침에 일찍 들어와 저녁에 나가야 일정이 좋다고들 합니다그렇지만....제주를 여행할때 꽉 채우는것보다 잠시 머물러 보세요...알찬시간여행은 효율적임에 틀림없지만블러그에서는 자주 말하지않는 정적이 보입니다막배로 들어와서 첫배로 나가는것도 아낌없이 효율적인 하루입니다술은 언제든 먹을수 있으니절주하고 사진은 언제든 남아있을테니눈으로 보고생각을 멈춰주세요....
172,"버스투어를 이용해서 다녀왔는데 생각보다 괜찮았습니다.막차시간이 다가올수록 사람이 많아져서 나중에는 줄서서 겨우겨우 탔지만 그래도 차를 늘려주는 등 노력하시더라구요. 버스에서 우도에 대해 설명도 해주시고 좋았습니다.땅콩아이스크림이나 한라봉아이스크림, 한치주물럭, 한라산볶음밥 전부 다 맛있게 잘 먹었습니다. 서빈백사에서 시간을 오래 보낼 생각으로 하수고동과 검멀레해변을 짧게 보냈는데 생각보다 서빈백사가 조금 실망스러웠습니다. 차라리 위 두 곳을 더 오래 보시는 게 좋을 듯 싶습니다. 그래도 우도는 제주도에 가면 꼭 가봐야 할 곳이라고 말할만큼 너무너무 아름다운 섬입니다. 바람때문에 못 들어갈 수도 있으니 제주도에 있는 동안 날씨를 잘 체크해서 날씨가 좋은 날 꼭 가보시기 바랍니다."
173,제주 성산포항에서 배로 15~20분정도 가면 나오는 섬입니다. 제주도와는 가깝지만 여러 면에서 다릅니다. 요즘 전기스쿠터나 자전거를 많이 이용하지만 저는 우도 투어버스를 이용했습니다. 투어버스를 이용하면 주요 관광지를 간편하게 둘러볼 수 있고 이동시 버스 기사님께서 간단한 설명을 곁들여 주셔서 더 좋았습니다. 사진을 찍어도 좋고 가만히 바라만 보고 있어도 좋은 곳이었습니다. 다만 제 눈에 식당은 눈에 잘 띄지 않았습니다.
174,호주 퍼스에 가면 쿼카가 사는 Rottnest Island가 있다면 대한민국에는 우도가 있습니다. 내리자마자 자전거나 오토바이 빌려서 섬 돌면 정말 최고! 곳곳에 있는 맛집들까지. 최고의 여행지!!!
175,설날에 와이프와 둘이서 몰래간 제주도 우도에 렌트카를 가지고 들어가서 한바퀴 돌며 여행을 했지요 해물라면과~ 한라산 볶음밥이 일품이었습니다. 경치도 기가 막히구요 우도는 사랑이네요
176,아담하고 맑고 이쁜 섬이에요!곳곳 구경할 곳들이 많아요.  걷는것도 좋지만 자전거나 스쿠터로 돌아다니는게 좋은것 같아요!
177,"성산항에서 비로 약 15분 정도,적당한 시간에 내려서 자전거 빌려서 한바퀴,예상 외로 무척 예쁜 곳 많아요,  근데 관광지라서 물가는 좀 비싼편, 그래도 좋았어요"
178,우도는 개인적으로 우리나라에서 제일 좋아하는 장소에요. 너무나 이쁘고 다양한 매력을 가진 곳이죠. 일출과 일몰 모두 너무 아름다워요. 우도에서 꼭 일박 이상 하시면서 배 들어오기 전에 조용히 한바퀴 도시는걸 추천합니다. 우도의 하늘은 정말 아름답습니다.
179,어제 우도 다녀왔습니다~요즘 서울은 너무 추워서 꽁꽁 싸매고 다니는데 우도는 날씨도 따뜻하고 맨투맨 하나만 입어도 따뜻하더라구요. 들판에 꽃이 피어있는 정도..? 봄날씨에요 ㅋ겨울이라 그런지 물도 깨끗하고 사람도 많지 않아서 겨울의 우도도 하루 잡고 놀기에 너무 좋은것 같아요
180,투명한 바다색과 아름다운 백사장.하루를 투자해도 아쉽지 않을 정도로 우도 바다 무척이나 아름답습니다ㅎㅎ제주도 추천코스!!
181,"너무 예쁘고 아름답습니다. 남들 다하는 여행 말고 그냥 천천히 즐기세요. 아름다운 바다를 옆에 둔채 고요한 동네를 거닐다보면 땅콩밭도 보이고 개짖는 소리도 들리고, 너무 좋은 기억입니다."
182,"제주도에 있지만 제주도랑은 또 다른 느낌이예요. 우도에 있는 해변들은 다 좋아서 며칠 묵으면서 놀면 좋을 것 같아요. 그리고 해안도로말고 안쪽에 밭이나 주택가 쪽으로 걷는 것도 현무암이랑 잔디들, 밭을 구경하면서 걷기 너무 좋아요. 사람도 없고 조용하고 정말 한 번 다녀보시면 좋을 것같아요. 그리고 다들 가는 우도봉 앞쪽 말고 뒷편에서 보면 그게 또 멋져요. 한 번 꼭 보세요."
183,비가 조금씩 내리는 날 갔어요.관광버스로 이동했는데.. 비만 인왔더라면 아주 괜찮은 선택일 뻔 했어요..ㅋ사진으로 보는 거랑 실제로 보는 게 많이 달라요.꼭 직접 가서 보시길.. 날씨 좋은 날로요 ㅎㅎ
184,"아름다운 이 곳을 볼 수 있어요. 우도에서 시간을 보내는 방법은 스쿠터도 있고, 자전거를 타기도 하고, 차를 탈 수도 있지만 천천히 우도봉을 올라보는 것을 추천합니다. ^^ "
185,"올레길을 따라 걸어서 둘러볼수도, 버스타고 둘러볼수도, 혹은 자전거나 스쿠터, 전동차등을 가지고 둘러볼수도 있습니다. 물가는 좀 비싸지만, 번잡하지 않은 제주도를 즐길 수 있습니다."
186,우선 전기 스쿠터들을 타고 많이들 다니시는데 오히려 위험해보이더군요. 우도 일주버스라는걸 운전하시는 양반들은 진정 우도관광을 위해서 일하는 사람이 아니라는걸 느꼈습니다. 좁은 도로에서도 감속없이 위험하게 도는걸 2시간 동안 몇번을 경험하고 솔직히 욕이 나오는걸 참은게 많았습니다. 제주 유명한곳은 거의 다 변해가고 있지만 우도 안의 점포들이 특색도 없거니와 별 맛도 없이 비싸기만 한 먹거리 일색인게 우도의 장점을 퇴색시키고 있다는 생각이 들더군요.안전한 우도 여행을 위해 렌터카 있으신분들은 차량을 가지고 입도 하실것을 강력 추천드립니다. 버스가 제일 위험합니다. 우도에 하루 묶으실거 아니면 우도 안에서의 식사도 권해드리고 싶지 않습니다. 나머지 멋진 해변과 경치는 추천드립니다.
187,"이번에 우도 두번쨰 방문이었는데 전기자전거타고 우도 한바퀴 돌은게 가장 기억에 남네요. 우도 유람서 타고 내리자마자 있는 자전거 대여점에서 그냥 자전거 빌리면 너무 힘드니까 전기자전거를 탔는데 이게 타보니까 집에도 하나 놓고 싶을정도로 너무 편하고 좋더라구요. 위험하지도 않고, 속도도 생각보다 잘 조절할 수 있어서 정말 바람을 가르며 신나게 놀고 왔습니다. 전기자전거를 탔는데 어디 마땅히 세워 놓을 곳이 없어서 우도에 있는 관광지를 딱히 보거나 시간을 보내지는 않았지만 우도를 한바퀴 돈 것 만으로더 너무 즐거운 여행으로 이것만 하러 제주도에 또 오고 싶을 정도에요."
188,"정말 세계 어딜가도 이만큼 예쁜 곳이없습니다. 아름다운 자연경관과 소박한 마을...다만 넘치는 관광객에 감당되지 않는 쓰레기량, 너무 많은 스쿠터 등 해결해야 할 문제가 있다고 생각합니다."
189,제주도 가면  꼭 한번 가볼만한 곳바다는 물론 이쁘고 좋아요버스기사 아저씨가  설명도 잘 해주십니닿ㅎ
190,"여유로운 일정이면 우도에서 1박하시길 추천드립니다.11월은 마지막 배가 5시에 있는데, 그 시간까지 관광을 끝내기가 힘들었습니다."
191,"태풍후에는 주변 정리가 좀 된후 가면 좋을꺼 같아요.... 제주도중 가장 좋아하고 아름다운 명소이며 제주도 갈때마다 들리는 작은 섬인데, 태풍후 방문이라 조금 아쉬었어요...해초가 뒤집히면 정말예쁜 바닷물색을 만끽하기 어려워요. 많은 방문객들이 인기를 증명해주는 곳. 1~2년 마다 방문하는 데 가장 많이 달라지는 곳같아요. 차를 가지고 배로 들어 갔었는데....요즘 우도내에선 작게 생긴 탈것들이 굉장히 많아요. 랜터카보단 탈것 이용해서 느긋하게 섬일주 추천해요."
192,우도를 가지 않았다면 제주도의 절반을 가지 못한것과 같다고 생각할 정도로 우도는 최고!스쿠터를 이용하여 해변도로를 따라 바람을 맞으며 달리는 기분은 최고!
193,"우도 재밌어요~ 작고 아담한데 볼거리도 많고, 스쿠터 타고 한 바퀴 돌았는데 너무 좋았어요. 한바퀴 도는데 우도 아이스크림이랑 점심 먹었는데 두 시간 정도 걸린 것 같아요~ 좋아요~~^^"
194,제주도에 비해 덜 때묻은 우도하지만 전기차며 자동차며 차량이 많습니다우도의 아름다움을 느끼려면 여유롭게 1박 2일이상 하는 것을 추천합니다 
195,무언가 일이 잘 안 풀릴 때 혼자 자전거를 타고 한 바퀴 돈다면 일이 잘 될 것 같은 섬 당일치기도 가능하며 자전거를 대여해서 한 바퀴 도는데 2시간 가량 소요됨 땅콩 아이스크림은 꼭 유명한 집 가서 먹기 바람
196,자전거밖에 탈줄몰라 곤란했어요ㅋ자전거타고 해수욕장까지만 가서 해수욕하고 왔네요.그게 한이되어 ATV연습했어요ㅋ담에가면 꼭 섬한바퀴 돌아보려고 합니다.
197,"작년 1월 처음 우도에 다녀온 뒤 겨울우도에 반해 이번 8월 여름우도를 경험하러 다시 방문했습니다. 우도의 명물 땅콩과 붕붕이, 그리고 절경 덕에 땀을 뻘뻘흘리면서도 행복한 여행이었습니다"
198,투어버스타고 내려서 구경하고 걷고 땅콩 아이스크림도 먹고 하는데... 갈때마다 점점 더 뭔가 아쉬워지는 느낌이 들어요. 너무 많이 변한것 같아서 아쉬웠어요. 관리가 좀 필요할듯합니다.
199,성산포의 항구에서 아주 가까운 우도는 한번 방문하면 왜 많은 이들이 즐겨 찾는 지를 알 수 있다. 좁은 섬에 많은 여행객들의 방문은 소란스럽기 조차 하지만 그래도 곳곳에서 느끼는 소소한 즐거움은 그보다는 크기 때문에 방문을 하는 장소이리라. 섬이어서 해변의 절경은 도 하나의 즐거움을 느끼는데 이곳에서는 가능하면 천천히 관란하는 것을 권하고 싶다.
200,섬에 들어가서 시티코코를 타며 섬 한바퀴 돌았는데 경치가 매우 좋았습니다. 자전거를 잘 못타던 친구도 시티코코 어렵지 않게 탔으니 꼭 대여해서 섬 한바퀴 도는거 추천해드립니다. 중간중간에 맛집이 있으니 쉬어가면서 가니 매우 좋았습니다.
201,"아이들과 우도다녀왔는데 인당 5000원에 버스투어를 했습니다. 추석에도 따로 예약필요없을 정도로 수시로 운행하고요, 우도방문이 처음이라면 유아를 포함한 아이 두명 챙기기에는 버스투어가 편한 느낌이 있습니다. 날씨가 흐리다 약한 비가 내리다 했는데 이런 날씨에는 바다가 명성만큼 이쁘지는 않더군요 참고하시면 좋을것 같습니다."
202,아름다운 섬이긴 하지만 사람이 너무 많아져 좀 퇴색되는 느낌. 그래도 한번은 꼭 가봐야할 섬
203,"비가 오면 바다색이 예쁘지 않고 사진이 별로입니다안개,비,바람 등 기상상태에따라 배의 이동이 불가할수 있으니 확인후 가시기 바랍니다"
204,"입도하는 일부터 상술이 느껴지기는 하지만 자연 자체가 아름다운 것은 막을 수 없는 것 같아요. 여기저기 쓰레기들이 버려진 것이 흠이고, 호객행위하는 분들이 아쉽기도 하지만 곳곳이 아름답고 멋져서 꼭 한번은 가봐야 할 같습니다. 전기 자전거 빌려서 천천히 둘러보며 다니세요^^"
205,마라도를 갈까 우도를 갈까 고민하다가 우도를 선택했는데 정말 가길 잘한거 같아요 !시간이 많지 않아서 다 둘러보진 못했지만 차타고 10-15분정도 가면보트 타는곳이 나옵니다.보트 꼭 타세요!정말 강추입니다..돈도 아깝지 않을만큼 정말 멋진 절경을 자랑합니다 !
206,"차를 갖고 들어가든, 아니면 들어가서 바이크를 빌리던사람과 차/바이크는많고 길은 좁아 조금 복잡해요.하지만 아름다운 자연환경에 눈이 즐거워요.맛있는것도 많고(비싸지만) 한번쯤 가볼만한곳이에요!"
207,"정말 바다색부터 너무 아름다웠습니다.땅콩아이스크림, 수제버거, 아름다운 해변 모든 갓이 갖춰져있습니다. 저는 차로 입도하는 것을 추천합니다."
208,"손 뻗으면 닿을 듯, 하늘이 땅 가까이로 내려앉아 있다.정말 파랗다. 꼭 하늘과 바다가 이어져 있는 것 같다.땅콩 아이스크림, 흑돼지 수제 버거, 칼국수, 전복짜장, 해물짬뽕 등의 먹거리가 있다.항구에 내리면 스쿠터나 전기 자전거를 빌릴 수 있는데, 웬만하면 빌리는 걸 추천한다.특히 여름엔 더워서 걷다가 친구랑 싸울 수도 있다...☆날씨도 좋고, 공기도 좋고, 섬이 넓어서 사람이 많아도 붐빈다는 느낌은 안 든다.제주도를 여행한다면 꼭 한 번 가 봐야 할 곳."
209,볼거도 많고 정말 아름답습니다스쿠터나 전동자전거 타고 섬한바퀴 돌아다니는거 추천합니다근데 스쿠터 대여하다 사고나면 보험안되니 돈 많이깨집니다 조심하세요
210,아름다운섬 우도!제주도 여행가시면 우도를 방문하세요!우도에서 해수욕도 하고 아이들은 말을 타면 즐겁게 여행했네요!
211,"제주도에 방문한다면 꼭 가봐야 할 섬.곳곳에 맛있는 음식점도 많고, 우선 우도에서 즐기는 해수욕은 그야말로 지상낙원."
212,"제가 좋아하는 영화 인어공주(전도연, 박해일 주연)의 촬영지예요. 영화속 장면을 그대로 느낄 수 있어서 참 좋았습니다. 버스 투어를 했는데 성수기라 그런지 불편함이 없었어요. 다만, 우도 대부분의 식당이 2인 기준이라 혼자 가시는 분들은 물어보고 식사하셔야 할 거 같네요"
213,휴일이여서 그런지 사람이 많았다. 오토바이가지고 탈려니 땡볕에 줄서서 들어갈려니 힘들었다. 오토바이는 그냥 안에서 빌리는게 나을거 같다. 속도는 못냄.  오토바이 많음.  
214,"언제 가던 누구랑 가던 항상 예쁘고 좋아요.선착장에서 바로 버스투어가 연결되니 편하게 이용할수 있구요,작은 섬이라 자전거나 스쿠터로 돌아도 힘들지 않고 꼼꼼히 돌아볼수 있어서 좋아요!"
215,여행지로 유명한 곳이라서 그런지 사람들이 끊이 없이 들어 옵니다. 그렇다고해서 지내지 못할 곳은 아닙니다. 돈을 주고 빌려야하지만 대여해서 다니는 오토바이?? 타볼만 합니다.
216,하고수동 해수욕장 정말 좋아요. 전기차같은거 타러 사람들이 너무 많이 들어와서 서빈백사 쪽이랑 항구쪽은 사람도 차도 너무 많아서 위험하더라구요. 하루 자고 나오는 코스로 했더니 사람없을대 다닐수 있어서 좋았고 다음날 오전에 비양도까지 들어갔다 오니 딱 좋더라구요.배탈때 여름에는 성산말고 종달항에서 들어오는거 추천해요. 배시간이 좀 긴타임으로 있기는 하지만 그래도 성산보다 훨 나을거에요.
217,서빈백사(홍조단괴 해변)과 검멀레해변 너무 멋집니다. 지나가다 보면 땅콩밭과 드넓은 들판을 뛰어다니는 말도 볼 수 있는데 그 모습이 아주 아름다워보입니다. 땅콩 주산지이니 땅콩아이스크림 꼭 먹어보시고요! 홍조단괴(서빈백사)의 하얀 모래는 모래도 있지만 돌 사이즈가 많아 발 아프니 조심하세요. 진짜 물이 맑아서 마음도 맑아지는 기분이에요. 행복합니다.  
218,렌터카를 이용하여 우도에 들어갔습니다. 더운 날씨에는 차로 이동하는 것이 좋습니다. 섬에 들어가면 전기스쿠터가 너무 많아서 운전할 때 조심해야 합니다. 풍경은 좋지만 해변에 쓰레기가 조금 보입니다.
219,넘 더운 날씨에 가서 고생했지만 제주에 가면 한번쯤은 들를만해요~스쿠터 빌리셔도 되는데 저흰 차를 갖고 가서 배값이 좀 비쌌어요.검멀레 해변이 가장 구경할만 했고요.우도 땅콩 아이스크림 많이들 드시는데 뭐 특별한 맛은 아닙니다. 
220,우도만 세번째 방문이었는데요해변가를 따라 도보 및 자전거로 이동해도 좋구요시간 및 체력이 허락안되시는 분은 우도봉근처에서만 시간을 보내도 충분히 즐길 수 있습니다
221,하루 천천히 걸으면서 즐기기 좋은 곳인데 하필 여름이라 홀랑 다 태웠네..가을에 오면 더 좋았을 것 같은데.^^
222,비가 부슬부슬 내리긴 했는데 그럼에도 너무 예뻤습니다. 스쿠터나 전기 자전거로 한바퀴 도시면 바람도 불고 기분 정말 좋습니다ㅠㅠㅠㅠㅠ 중간중간 멈춰서 카페를 가거나 음식점에 들를 수도 있고 해안도로만 돌기보다 섬 중심부로 들어가도 정말 제주스럽고 예뻐요
223,정말 우도는 너무 예뻐요~~바다도 섬도..상업화 되어서 물가가 많이 비싸요. 우도 아이스크림이 5천원. 그런데 아이스크림도 맛있어여. 걷기에는 힘들고 쉴때가 마땅치는 않으니 최소한 자전거 대여라도 추천드려요~
224,제주도 여행 갈때마다 기분 좋은 우도입니다. 이번에 처음으로 비가왔지만 운치 있어요요즘 우도에 이것저것 많이 세우네요. 이쁜 조각물들이 많아졌어요
225,"제목이 곧 내용.우도의 아름다운 자연은 봐도봐도 질리지 않는다.배를 타고 어렵지 않게 건너갈 수 있고지형이 어렵지 않아 쉽게 한 바퀴 산책할 수 있다.자전거, 바이크 등 다양한 방법으로 둘러볼 수 있어 편하다.중간중간 관광지와 함께우도 땅콩 아이스크림을 파는 장소가 있는데그런 장소를 제외하면 우도의 모든 얼굴이 마음에 든다.넓게 트인 길이 아닌작은 작은 골목길을 들여다보면 더 아름답다.물론 주민여러분께 방해되지 않게 조용히 관광해야 하는 건 센스다."
226,저희는 1인 5천원인 관광버스 탔었는데 유명한 곳에 내려주고 버스도 자주 다녔던거 같아요. 근데 이거 한 번 표 사면 한바퀴만 돌 수 있으니까 매 정거장마다 내려서 노는걸 추천합니다.
227,섬 속의 섬 우도는 제주도의 보석같은 곳입니다. 아름다운 백사장이 좋고 ATV로 2시간 정도면 섬 일주할 수 있습니다. 땅콩 아이스크림이 참 맛있었어요. 다음에 또 가려고 합니다.
228,비오는 날씨였지만 재미있게 놀았습니다. 바이크도 재미 있었고 문어빵도 맛있었습니다. 여기는 특이하게 통 치즈가 안에  들어 있어서 특색있었습니다.
229,우도는 교통만 제외한다면모든 섬이 다 아름답습니다비록 이전보다 상업화된 것이 안타깝지만우도의 모든 곳이 정말 아름답고 특히나 바닷가는 정말 대박입니다!
230,우도 바다들은 정말 맑고 깨긋함. 날씨 좋은 날 가기에 좋음. 하지만 자전거나 스쿠터 전동스쿠터 등으로 다니는 여행객들이 많아 운전에 유의해서 다녀야 함.
231,걸어서 한바퀴 돈다고 생각하고 걸었는데 4시간만에 중간밖에 못가서 가운데길로 직진해서 다시 배타러온 ㅠㅠ혼자 생각하며 걷고싶을떄는 그냥 계속 걸을수있음땅콩아이스크림이 맛있어요
232,"예전에 여름왔을때도 좋았지만 겨울에 가도 좋아요. 우도봉까지 오르면 성산일출봉도 보이고 우도의 전체적인 윤곽도 볼 수 있어요. 파노라마 사진찍으면 정말 멋집니다. 관광버스로 전체 섬을 한바퀴 돌 수 있도록 운영하고 있고, 그 외에도 렌트기구들 이용해서 섬을 둘러볼 수 있습니다. "
233,"4번째 방문한 섬, 이번은  아내와 딸과 함께 했던 여행 임. 여행객들이  점점 많아지고 카페,팬션등 개발 진행중... 아름다운 자연 경관 훼손이 더이상 안되었으면  좋겠슴.개인적 생각 이지만 자전거만 허용하고 걸어서 다릴수 있는 슬로우 섬으로 만들었으면 하는 생각이 든다. 그래도 우도는 아름답고 멋있는 곳.  제주도에 오면 꼭 한번은 가보세요."
234,"사람이 정말 많은 곳이네요...하지만 사람이 많아도 재미있고, 또 해변이 아름답습니다유람선을 탔을때는 성산 일출봉도 보이고요제주도에 가면 꼭 들러야 하는 곳인것 같습니다"
235,보통 우도를 잠깐 들리는 코스로 다녀가시더라구요. 저는 우도에서 1박했었는데. 정말 너무너무 만족해서 앞으로도 우도에서 숙소를 잡으려고 해요. 저녁에 노을 질때 드라이브를 하는데 우도전체가 내꺼가 된 느낌이였고 물이 맑아서 낚시 찌를 물고기가 무는걸 보고 들어올려서 낚시를 하는 수준이었어요. 만족하는 곳입니다.
236,우도를 들어가는 배편은 성산항과 종달리선착장이 있는데 성산항에서 들어가는 배편이 많음또 우도에도 천진항과 하우목동항 두군대가 있으니 다음 일정고려해서 항구를 미리 선택하여 타는 것도 방법임
237,제주도에 가면 우도에 가보라는 기억이 있어서 우도에 갔습니다. 배타고 1인당 5000원 정도 배값과 입장료를 내고 15분 정도 성산항에서 배를 타고 갔습니다.  우도 워낙 유명해서 긴말이 필요없지만 저는 우도봉 꼭대기에 올라사서 경치를 바라 봤는데 좋더라고요. 시간이 넉넉하시면 자전거나 스쿠터 빌려서 돌아다니면서 우도땅콩아이스크림 드시면서 다니면 좋을 듯 합니다. 
238,"진짜 예쁜 바다를 볼 수 있고인생 사진을 건질 수 있고길 가는 곳곳 예쁜 카페들이 있고스쿠터 타고 돌아다니면 금방이지만,아침부터 저녁 해질때까지 천천히 구석구석 구경하고 싶음"
239,우도는 시간을 좀 많이 할애해야 해서 짧은 여행에는 가기 힘든곳이긴 해요.. 그렇지만 가면 기분이 좋아지는 곳이에요. 한바퀴 드라이브하고 중간중간 맛집 들리고... 
240,작년까지 아름다운 우도가 무분별한 ATV 대여로 인해 시끄러웠는데 올해에는 자체적으로 전기 바이크로 대체하면서 많이 조용해졌습니다.그리고 아직까지 무분별한 개발이 제주도에 비해 적어서 비교적 우도의 아름다움을 간직하고 있어 좋았습니다. 천천히 느리게 여행할수록 더 좋은 곳이 바로 우도인 것 같습니다.  
241,제주도 여행을하면서 이번에 처음으로 우도를 가보았어요 섬안에 섬 너무아름답더라고요 차 를 가지고 가지 않아도 버스나 전기차들도 빌릴곳도 있고 너무 좋습니당!! 바다색도 제주도랑은 다른느낌이고요~~~~
242,종달항에서 첫번째로 가서전동차 타고 한바퀴차 가지고 갈 필요 없어요.검멀레 해변에서 보트 꼭 타보고요.우도등대공원..산불감시초소..꼭 들러보세요...우도를 한눈에 볼수 있답니다 이곳만 못 갔어요.
243,배를 타고 들어가야 하는 우도의 경관은 정말 아름답다. 차를 가지고 들어가거나 투어버스 전기차 대여 등으로 우도를 돌아볼 수도 있고 우도 자체가 올레길인만큼 걸어서 돌아보는 것도 좋다. 우리는 걸어서 우도를 돌아보았는데 식사 시간을 포함해서 여섯시간 정도 걸리는 힘든 여정이었으나 아름다운 우도를 구석구석 볼 수 있어 좋았다.
244,3월에 갔는데 조금 쌀쌀한 날씨에 바람은 좀 불었어서 두꺼운 코트를 입고 가야 했어요 가서 전기 자전거 빌려서 타고 다녔는데 전기자전거 강추~!완전 잼있음  일단 바다색이 동남아온줄 너무 이쁨 분위기도 좋고 우도는 또 가보고 싶네여
245,제주도 가면 꼭 가야하는 우도입니다풍경이 너무 예뻐서 사진 찍으면 외국 같은 풍경입니다제주도 1순위로 가봐야 할 곳 입니다.
246,제주도에 가면 우도는 꼭 한번 가볼만 합니다. 날씨 좋을 때 가서 사륜오토바이 타면서 우도 한바퀴 돌면 정말 재미있어요.
247,작년에 4박 5일 일정으로 제주도를 방문했는데우도는 10시간 정도 있었어요.다시 제주도 갈 기회가 생긴다면 우도에서 2일 정도는 머물고 싶네요그리고 많은 관광객들이 비싼 가격을 주고 차를 들여오는데우도는 섬이 작아서 걷거나 자전거를 이용해도 충분해요그게 더 운치있고요!
248,함께 여행하신 부모님이 여러번의 제주 방문에도 우도를 가보지 않았다고 하셔서 페리를 타고 우도를 갔습니다. 순환 버스가 있어서 구경하기가 정말 편하더라구요. 전문 관광지화가 되어 서글픈면이 있지만 빨리 구경하고 나오기에는 정말 편리하게 되어 있네요.
249,걷기에 아름다운 풍경 시원한 바람 배를 타고 들어가는 것도 색다른 체험으로 다가올 수 있다
250,관광을 유명 장소 눈도장 찍기로 다니는 사람들에게도 적당하고 여유로운 시간을 보낼 사람에게도 적당함. 배를 타고 섬으로 간다는 기분도 또 나름 들뜸. 섬 둘레 5~6곳의 명소도 둘러보는 재미 쏠쏠하고 개인 오토바이나 순환버스등을 이용하면 알찬 하루 보낼 수 있을듯..
251,한국내에서 이렇게 맑고깨끗한 바닷가가있는곳을 만나보긴어렵습니다. 여름에 가족들이랑 오면 너무 좋을꺼같아요. 차로 우도한바쿼도는대 5시간정도걸렸는데 볼것도많고 너무 좋았습니다.
252,작정하고 반나절이라도 가보자고 나선 우도.너무도 아름답고 맑았다.옛 제주의 느낌도 나고 아름다운 서빈백사 해변은 해외 어떤 해변에 비할바 없이 아름다웠다.하지만 한라산 볶음밥은 맛이 없었고 물가도 비쌌다.그럼에도 불구하고 더 머물고 싶은 우도에는 또 방문 할 예정.
253,옛 제주의 느낌이 그나마 좀 남은 곳.한라산 볶음밥은 맛이 없고 맵기만 했으나우도 땅콩은 정말 고소하고 맛있다.우도봉의 체험승마 해주는 말을 보고 울 뻔 했는데체험마 중 한마리가 한쪽 눈에서 진물이 나는데도 안장이 올려져 고객들을 기다리고 있었기 때문이다.제주가 너무 상업적인 느낌만 남을까 우려된다...
254,제주안에 또 다른 섬우도~ 너무 아름다워요 해변이 너무 맑고 예뻐서 기억에 남네요!우도는 날씨가 좋아야만 갈 수 있는곳으로기회가 된다면 꼭 한번 가보세요!!! 에메랄드빛 바다를 볼수있어요
255,제주도에 올때마다 기회가 안되서 못가다가 이번에 벼르고 갔네요.절대 후회하지 않을거예요~섬 전체를 꼭 돌아보세요!!
256,제주도가 다른 지역 여행보다 특별한 이유가 어쩌면 섬이겠지요. 하지만 막상 비행기를 타고 제주도에 도착하면 내가 섬에 있다는 느낌이 안오곤 합니다. 바닷가를 가도 크게 와닿지 않죠. 하지만 우도에가면 내가 정말 섬에 있다는 것을 느끼게 해줍니다. 여행을 특별하게 만들어 주는 곳. 제주도에 왔다면 꼭 들려보시고 밤에 산책을 나가는 것을 추천해드려요! 
257,이번이 두번째 우도에 가봤습니다 전에 안해봤던 보트타고 작은 동굴도 들어가 보고비양도에도 가봤습니다 날이 좋아 에머랄드 바닷빛을 볼수도 있었고 여름에 와서 수영 하고 싶은곳이에여 제주도 가시면 우도는 꼭 가보세여
258,제주도 많이 가서 웬만한 곳은 다가봤을정도.작년에 다녀왔는데 정말 좋았어요.하루정도 잡고 구석구석 돌면 정말 좋아요.
259,"우도내에서 나는 관광버스(5,000원)을 이용해서 다돌아볼 수 있었는데 검은모레해변에서 탔던 고무보트가 가장~기억에 남는다. 너무 재미있었다. 다음에 또 가게 되어도 꼭꼭 타고 올것임!"
260,"우도 가보시는 거 추천드려요. 맛있는 것도 많고 타보진 않았는데 세발오토바이, atv 같은 것도 빌려주더라구요. 바닷가 예쁘고 땅콩아이스크림 비싸지만 맛있어요."
261,제주도에서 버스여행을 하다가 섬을 가보고 싶어서 우도를 선택했다. 참으로 옳은 선택! 반나절의 짧은 시간이었지만 추억은 오롯이 만들고 왔다.다시 제주도 여행을 한다면 우도에서 시간을 보내고 싶다.
262,전기스쿠터를 대여해서 3시간동안 해안도로를 따라 달리며 구경했습니다. 서빈백사의 모래와 하고수동 해수욕장의 에메랄드빛 바다부터 탁 트인 우도봉까지 정말 한국이 아닌듯한 느낌이 듭니다. 추천합니다!
263,예쁜 바다가 보고 싶으시다면 강추합니다. 제주도의 환상적인 바다의 모습이 보고싶다면 우도로 고고씽하세요.
264,"성산항에서 우도로 가는 배가 정기적으로 있습니다. 우도 한바퀴를 돌기위해 자전거, 바이크 등을 대여하는 곳이 있으며, 걷는 것을 선호한다면 올레길 1-1코스가 잘 닦여 있으니 이정표를 따라 걸으면 됩니다. 섬 언덕 꼭대기 등대까지 올라가시면 성산일출봉이 훤히 보이고, 날씨가 좋으면 제주도의 전경이 펼쳐지는 장관을 볼 수 있습니다. 곳곳에 말과 소를 풀어놓았는데 풀밭의 똥을 주의하시기 바랍니다. 개인적으로는 우도에서 1박하여 일출을 보시는 것을 추천합니다. 제가 본 일출중에 가장 멋있었습니다."
265,제주도 왔으면 시간을 내서라도 꼭 우도 방문을 추천합니다!!서빈백사 해수욕장은 정말 여기가 한국이 아닌 듯한 느낌을 들게 해요~먹을 데는 마땅치 않지만. 풍경 만은 일품 입니다.
266,맑은날 바다가 아주 이쁩니다. 여름에 우도 등대 올라가면 바람이 불어도 더위에 지칠지도 ㅎ 전 처응갔을땐 너무 더워서 중간에 내려왔구요. 구름 꼈을 때 등대까지 올라갛습니다. 성산에서부터 차를 배에 싫어 갈수도있고 몸만 넘어가서 바이크 빌려도 됩니다. 개인적으론 차를 추천. 여름엔 시원한 에어콘이 있고 겨울엔 차가운 바람도 막아주니 ㅎㅎ
267,투어버스타세요 기사아저씨께서 재미있게 설명 잘 해주십니다.아쉬운점은 맛있는 음식점이 없다는거....
268,차를 가지고 들어가지 않아도 우도 섬을 한바퀴 도는 순환버스가 있어서 참 편하게 여행할수 있었던 여행지에요. 맛있는 먹거리들도 있고 카페들도 있고 그리고 무엇보다 에메랄드빛 비치가 있는 우도. 기억에 오래오래 남는 멋진 제주도 대표 여행지에요
269,베를이용해서관광하기도종고제주도여행하기가편리하다요금도장애인에게도할인이돼서선착장까지이동이편리
270,"우도에 자동차타고 들어가서 우도 한바퀴 쭉 돌았는데요, 우도하면 역시 사빈백사가 최고예요, 그리고 한치구이에 한라산 볶음밥까지 먹으면 아주 좋아요"
271,작년에 우도를 갔었죠....겨울보다는 봄에 가는게 더 좋을것 같아요..백사장..모래가 하얀색돌인데 아주특이하고 좋았고......날잡아서 좀더 오래 머물면서 경치 구경하고 싶어요  
272,우도만의 아름다운 해변과자연을 만끽할 수 있음. 땅콩아이스크림은 꼭 먹어볼것! 우도의 특산물이예요.
273,자전거도 타고 오토바이도 타고 걸어서 산책하기도 좋아요ㅎ푸른 바다가 정말 멋있고 기억에 남네요ㅎㅎ또 가고싶어요~
274,제주 서편 아름답고 작은 섬 우도는 아름다운 절경과 땅콩이 유명하구요. 작은 섬이기에 차량 가지고 다니며 오히려 불편해요 섬일주 관광버스가 수시로 다니니까 그 편이 편하고 효율적. 땅콩맛 일품이고 한치 음식도 맛보시기를 추천합니다
275,성산 들렀다가 배타고 우도까지 찍고 오면 딱 조은 코스... 시간이 나시면 우도에서 숙박해도 너무 조아요... 밤바다도 새벽바다만큼 이쁜곳^^
276,섬 자체는 크지 않은 곳이에요. 그러나 절경이 너무나 많아서 꼭 하룻밤씩 묵어보세요. 우도에서 숙박하지 않으려면 배시간 잘 맞추세요. 그리고 주무시는 분들은 겨울만 되면 마지막 배 나가고 나서 문 여는 곳이 많이 없어요. 주의하세요.
277,다른곳을 다 둘러보았지만 이보다 더 훌륭한곳은 제주에 몇 안되는거같습니다 다음번에는 가족과 함꼐 다녀올 예정입니다
278,"우도 땅콩과자, 땅콩아이스크림이 맛이있죠. 한 번 들르시면 꼭 맛보세요. 외국인들에게도 추천합니다."
279,우도는 사랑입니다 ^^작은 섬이지만 가는 곳마다 다른 매력을 뿜는 곳이죠그냥 바닷길을 따라 걸어도 넘 좋아요바람이 많이 불긴 하지만... 아침에 보트를 타보세요! 아름다운 곳들을 많이 볼 수 있답니다
280,매번 갈때마다 느끼지만 우도에 가면 마음이 편한해지는것 같습니다. 탁트인 언덕에 올라가면 답답한 속도 뚫리는 느낌이죠^^
281,제주도 필수코스 입니다. 자전거 타고 마을 투어 했는데조금 힘들어요 .... 마을이 생각보다 커서 ㅋㅋㅋ 우도 땅콩아이스크림은 필수로 드시구요검은모레해변? 요기 모레가 다 검은색인데 정말 멋있어요!
282,제주도 가면 한번쯤은 꼭 가야한다 하는 우도!!우도만 3번 다녀왔는데도 항상 갈때만 좋네요..검멀레에서 타는 보트 탔는데 정말 좋더군요 선장님께서 우도 8경이라면서 설명해주시는데 정말 재미있어요 멋있구요 돈 아깝지 않았어요!!맛집이 너무 많아서 다 먹어볼때까지 계속 우도 가야겠네요
283,이번이 2번째 우도 방문이었는데 관광버스를 타고 돌아다니니 기사아저씨가 이야기 해주시는거 듣고 돌아디니니 괜찮았어요. 우도 땅콩 아이스크림 원조 집도 괜찮았습니다. 추천요!
284,성산항엣 배를 타고 가며 갈매기에게 새우깡도 던져주고 내려서 스쿠터나 4륜 아니면 새발 전동오토바이를 타고 섬을 한바퀴 돌다보면 어느세내 동행과는 더할 나위없는 끈끈함을 느낄수 있다.정말 아름다운 섬이다.
285,아..정말 이곳은 바다가 허락해야만 갈 수있어요! 파도가심하게치는 날엔 배운항이 중단되서 몇번 못갔습니다. 우도에 도착했을때 저희를 반기는건 엄청난 바람ㅜㅠ 우도봉올라가려는데 어찌나 바람이 거세던지 ㅜㅜ 그래도 우도봉에서 바로본 바다와 성산일출봉은 진짜 멋졌어요! 잔잔한 해변도 너무 좋았답니다!! 우도땅콩아이스크림 진짜 꿀맛ㅋㅋ 땅콩맛 진짜 강해요ㅋ 우도에서 유명하다는 보말칼국수를 못먹어봤네요ㅜㅠ 우도여행은 일일버스로 다녔기때문에 편히다녔어요~
286,제주도에 또하나의 섬...렌트카를 가지고 들어가셔도 좋고 스쿠터 대여를 하셔도 좋고처음이시라면 버스 투어도 좋아요당일 치기로도 충분하지만1박을 한다면 해수욕도 하고 좋을 것 같아요 
287,제주도는 여러번 갔었는데....우도는 한번도 안갔었어요...그런데 이번에는 렌트카를 가지고 들어갔습니다.들어가서 차로 한바퀴돌았는데...조금다른 느낌이 있더라구요...조용한분위기.....나오면서 땅콩아이스크림을 먹었는데.. 맛있더라구요..
288,저는 제주도의 어떤 장소보다도 우도를 제일 좋아합니다. 차가 없다면 가서 전기 자전거나 셔틀버스 등을 이용하여 관광할 수 있습니다. 너무나도 아름다운 바다를 구경할 수 있습니다.
289,색다른 느낌입니다. 짜장면을 먹어야 한데서 갔는데 그렇게 까지 꼭 먹어야할 필요는 없을 것 같은 생각입니다만 우도의 아기자기한 아름다움을 느껴보세요!
290,제주에서 배를 타고 짧은 시간이면 닿을 수 있는 작은 섬으로 제주와는 또다른 매력을 지닌 곳입니다. 특히 산호모래로 이뤄진 특별한 바닷가와 에메랄드 빛의 아름다운 바다 색깔이 잊혀지질 않아요. 특산품으로 유명한 땅콩을 간식삼아 먹으며 자전거나 오토바이 등으로 둘러보기에 아주 좋았습니다. 조금 떨어져서 바라다 보이는 제주도의 풍경도 일품입니다.
291,차를 가져가서 해변도로를 드라이브만 해도 가슴이 확 트이는 느낌~날씨가 조금 안좋았는데도 불구하고 아름다운 바다 색상도 볼수 있는 천혜의 자연환경을 가진 곳~
292,곳곳에 볼 것들이 있어서 렌트카로 돌아다녔어요. 유명하다는 짜장면집에 가서는 짜장면은 맛있었고 짬뽕은 많이 매워서 잘 못먹었네요. 땅콩아이스크림 정말 맛있어요! 저는 한라봉 아이스크림 먹고 친구들은 다 땅콩아이스크림 먹었는데 다른 데서 못 먹으니까 땅콩아이스크림 먹는 게 나을 것 같아요.
293,"제주도 여행 계획할 때 절대 빼먹지 말아야 할 곳, 우도! 아름답고 특이한 바다들이 많아서 이곳저곳 신나게 다녔습니다^^ 보말죽이랑 돌문회 정말 맛있게 먹었어요ㅎ 선물로 땅콩이랑 고사리도 잔뜩 사고ㅋ 작지만 구석구석 볼 것이 너무 많아서 차로 다녔는데도 거의 반나절을 보냈네요ㅎ 다음에는 자전거나 오토바이로 돌아보는 것도 좋을 꺼 같습니다^^ 우도 꼭 가 보세요~ 완전 추천합니다^^"
294,생각보다 큰 섬이었던 제주도에 비해작았던 우도는 버스투어로 돌아보기에 딱 적당했다.바다도 더 투명한 것 같았고...다음에 방문하게 된다면 1박 하고 싶은 곳이었다.
295,"날씨 좋은날 왔으면 더 좋았을텐데, 비오는날 와서 아쉬웠지만, 그래도 너무 좋았음!내년 여름에 다시 방문예정!땅콩 아이스크림 너무 맛있음!"
296,제주도에서 제일 아름다운 곳을 꼽으라고 하면 단연 우도가 최고인것같습니다구석구석을 둘러봐도 깨끗한 에메랄드빛 바다를 바라보며 힐링하기 매우좋은곳입니다 ! :)
297,좋은 풍경과 오토바이는 정말 재미지다.맛집은 빨리가야한다. 재료가 떨어질수도.안타까운것은 오토바이 타느라 제대로 못봄.
298,우도 작을줄 알고 무시했다가 자전거로 엄청 고생했네요 ㅋㅋㅋㅋㅋㅋ바람도 많이 불고 자전거는 힘들고 기억에 많이 남아요 ㅋㅋㅋㅋㅋㅋㅋㅋㅋㅋㅋㅋㅋㅋㅋㅋㅋ 검은모래해변은 꼭 가보세요 너무 좋습니다.
299,일단 해변이 색깔이 너무너무 예뻐요. 친구가 추천해줘서 갔는데 제주도에서 제일 좋았어요 땅콩아이스크림은 가격대비 그냥 그랫어요
