,0
0,야간개장 한다고 해서 갔는데 미리 예매를 해야 되어서 매진이 되었다 .    넓고 화려한 경복궁에 매료되지 않을 수 없었다. 사람들은 한복을 대여해서 입고 들어가기도 하고 학생들이 많았다.  전통 가옥에 누워서 쉬는데 예전의 정취를 느낄수 있어서  좋았다. 해가 져도 야간 개장해서 사람들이 갈수 있어서 편리하지만 미리 예매를 추천한다
1,대표인만큼 사람이 넘친다유모차는 아주 비추바퀴 고장날듯사람이 많은 날도 비추 흙먼지 끝장남그래도 넓고 도심공원느낌
2,가족이랑 같이 갔는데 하필 간날이 폭염이 와서 더워서 다 못보고 돌아왔네요 교대식도 폭염으로 취소되서 보지 못하고 왔어요 다음에 다시 와서 보고 싶을 정도로 이뻐요
3,"한 20여년 전만해도 경복궁은 사람들이 잘 찾지 않는 곳 중 하나였다.우리문화에 대한 관심도 적었을 뿐 더러, 많이 외면 받던 곳이었다.요새는 많은 사람들이 우리문화와 옛 것 이라는 것에 관심을 가지며다시 지나간 것들을 찾아보는 문화가 자리잡았다.(개인적으로 참 바람직하다고 생각한다.)시대의 관심과 더불어 많은 관광객들 또한 많이 찾는 곳 중 하나이다.나는 경복궁보다 창덕궁을 더 추천하고 싶지만,한 번도 찾지 않은 사람이라면 경복궁도, 한복 대여도 추천한다.화요일은 쉰다."
4,경복궁은 유명한 관광명소라서 외국인들과 한국인 관광객들이 수시로 드나든다. 그래서 그런지 북적북적 하는데 막상 안에서 들어가보면 볼게 그다지 많다고 느껴지지는 않는다. 물론 여러가지 건물들이 있고 그 건물들이 각자의 역할을 하는게 설명이 되어 있지만 와닿지는 않는다. 입장료를 5천원 정도로 받고 각자의 건물에다가 밀랍인형이나 아니면 더 설명을 원할히 할 수 있게 미니어처를 제작하던지 다른 요소를 추가하면 좋을 듯 싶다.
5,서울의 야경을 운치있게 감상하기에 좋은곳 특히 가을에는 낙엽과 돌담길이 어우러진 사진찍기 무척 좋은곳 한국의 고궁을 느끼기에는 더없이 좋은곳
6,"여러번 야간개장 방문을 준비하다 겨우 가 볼수 있었습니다.웅장하고, 화려할꺼라 예상했는데, 생각보다는 감동이 적었습니다.경주 안압지 야경이 더 좋았던것 같네요."
7,"서울의 명소라서 항상 사람이 많고외국인도 많지만 자주 가는곳근처에 맛있는 식당, 카페도 많고 궁도 예뻐서 날씨 좋으면 자주 찾아가는곳"
8,1. 사람이 많지만 그래도 한국에 오면 꼭 방문해야 합니다2. 한국의 대표적인 역사 유물3. 세계 각국에서 온 사람들로 북적이지만 그만큼 볼거이 많습니다4. 근처 대여점에서 한복을 빌려 입고 가는것 팁
9,시간째우기 혹은 ㅛㅓ울놀러왓는데 할짓이 없으면 그냥 관광내는 기분 정도박에는 안댐 뭐 멋진것도아니고 볼것도없믄데
10,"개장시간이 제한적이지만,인터넷 예약이 가능하고 이벤트도 제법 있어서계절마다 시간될 떄 저녁에 방문하는 것 추천합니다생각보다 방문객이 많아서 한가한 느낌은 절대없었고안에서 저녁에 음악회도 있다보니 자리차지하려면일찍 줄서서 들어가야겠더군요. 야간에는 돌아다닐 수 있는구역이 정해져있고 궁 내부는 조명이 약간 어두운 편이라돌아다니기보다는 적당한 자리 찾아서 주위구경하며 쉬는 게좋았습니다. 주위에 높은 건물이 없고 하늘이 넓게 열린 구조라어디든 사진 찍어도 운치 있었네요"
11,고궁을 두루구경하다가 나왔기에 들리게되였는데에 아마 전에뉴스로나온것이기에 궁금도하고  막상와보니 그런데로 유럽에비하면 별로다  게다가 출입도금지 한국정치인들은 가끔 연회장으로빌려서 사용한다는데 기분이씁쓸함
12,밝을때.어두울때. 둘다 가봤지만 늘 가도 멋있는곳. 한복입고 오면 입장이 무료라는 점도 좋고 한복입고 이곳을 돌아다니는 사람들을 보면 더 멋있다.
13,조선의 대표 궁인만큼 가볼만하다. 하지만 너무 많은 관광객들이 있다.대표 전각들에는 사람들이 많지만 안쪽으로 들어가면 점점 줄어들기때문에 안쪽까지 보길 바란다. 경복궁과 함께 조금 옆에있는 창덕궁에도 함께 가면 좋다. 경복궁을 구경한다음 붙어있는 민속박물관에 가거나 나와서 삼청동 길을 구경하는것도 좋다.
14,"회사근처에 경복궁 있어서 야간에 행사 있을 때 가면 좋아요. 지난번에 야간에 열었을 때 갔는데 또다른 매력이 있어서 재미있었어요. 표가 매진이 빨리 되는 편인데 운좋게 구매해서 가서 신기한 경험을 했고, 또 불빛이 없는 곳은 낮과는 다르게 무섭더라구요. "
15,"학창시절부터 시작해서 20대까지는 종종 갔던 경복궁.. 거의 10년만에 다시 가본 것 같습니다. 워낙 관광객이 많아서 고즈넉한 궁궐을 즐길수는 없었지만, 그래도 오랜만에 가보니 좋았습니다. 다만 공사하는 곳이 중간중간 많아서 정신이 좀 없더라고요.. 다 정돈된 후에 다시 가봐야될것 같습니다."
16,"아무생각 없이 머리도 눈도 쉬고 싶다면, 기대없이 가보면 좋을 만 한 장소이다. 물론 설명해주는 시간대에 가면 더 유익하지 않을까?"
17,대중교통 이용하여 유아와 함께 이용하였으나걷는 거리가 유아들에겐 많이 힘들수 있으며경복궁의 면적도 상당히 넓어 약간 힘들수있습니다주차장은 지하주차장이 있으나아침 일찍 도착하지 않으면 거의 만차입니다입장료는 저렴하며 장애인및 국가유공자 할인및 단체할인 있습니다경복궁 내부에 앉아있을곳이 많이 없습니다의자 보이시면 잠깐잠깐 쉬었다 가실길 권해드리며매점및 자판기도 기억엔 못본거 같습니다간단한 음료 준비해주시구요궁내는 금연입니다흡연되는곳 완전없습니다가끔 중국관광객이 궁 입구에서 흡연하는데경찰님들 그냥 치나쳐 가시는 센스~~~
18,"서울의 최중심에 있는 서울의 얼굴 경복궁입니다. 일본인과 같이 동행했는데, 언제 지어졌냐고 물어봐서,토요토미가 일으킨 임진왜란으로 모두 불타버리고1800년대 후반에 복원되었다고 설명하니 매우 미안해 하였습니다. 눈으로도 간략히 관람할 수 있지만,외국인이라면, 또는 역사에 관심이 있는 한국인들도 가이드 투어를 하면 좀더 재밌는 투어가 될 것입니다. "
19,해외의 궁전에 비해서는 초라한 점이 없지않아있지만 그래도 전경복궁 아담하고 고즈넉한 맛이 있어서 좋아요. 오래된 나무도 많아서 운치있습니다.
20,우리나라에서 외국인들 방문하면 필수코스처럼 방문하게되는 경복궁   솔직히 중국이나 일본에 비해 좀 초라합니다. 대부분 실망하는것도 사실입니다. 그나마 요즘 한복입은 젊은 여성들이 나들이를 많이 와서 그건 보기 좋더라구요. 
21,"정궁이라는 이미지와도성이 정해질 때부터 계획적으로 입지조성된 곳이라그 배치가 인상적인 곳임과거의 치욕을 버리고인위적으로 복원하려는 의지가 많이 반영된 곳이라..그 다지 굴곡의 현실을 잘 반영한다고는 볼 수 없음보이기 싫은 면을 애써, 성형했다고도 볼 수 있음.그 가치의 존중할 만한 곳은경회루 일원의 호젓한 인공연못의 정취라고 할 수 있음"
22,밤에 꼭 가보고 싶었는데. 야간개장 티케팅은 꿈도 못꾸는.ㅠ 대신 낮게 갔었는데. 기대보다는 실망했어요~~ 조선의 궁궐인데. 일본의 성들보다는 조경들이 너무 허접해서... 안타까웠습니다. 외국인이 많이 오는 곳인데. 조경에 신경좀 더 써주세요!!
23,외국인 친구와 함께 가기 좋은 곳입니다. 하지만 그냥 볼게 많이 없다는 생각이 드네요~ 좀더 다양한 문화 공연이 함께 했으면 좋겠어요
24,밤에 오픈하는 한정 티켓 구매해서 다녀왔었습니다. 운치있는 호수와 궁궐이 멋집니다. 대신 구역은 창경궁에 비해서 적더라구요. 30분이면 다 봅니다..
25,우리나라 대표적인 가장 오래된 궁전이고  내부는 웅장하다조선초기 태조가 지은 이 궁전은  많이 파괴되어 현재도 복원공사진행중이다
26,야간 개장에 가보세요.그 전에 느껴보지 못한 고즈넉한 분위기와 과거 조선의 옛모습을 느낄 수 있습니다.그러나 사람은 너무 많아요.
27,"야간입장할때는 사실 사람이 너무 많아 미리 티켓을 사고도 못간적이 있습니다. 경북궁은 봄 가을 가기에 적합하며, 요즘은 웨딩 스냅도 많이 찍을 만큼 멋스러운곳 입니다. 외국인에게 꼭 추천 하는 장소이며 한국인이여도 꼭 알아야 할 장소입니다."
28,경복궁이 일제의 침략과 식민지 기간동안에 많이 훼손되어 옛 모습을 많이 잃어버려 아쉬움이 더 많이 남네요
29,"아이들에겐 좋은 역사 체험, 7월 무더위속에 걸어다니기가 조금 힘들었지만 해설사 강의를 들으니 쉽게 이해가 됨. 아이들이 좋아함"
30,"인사동 근처에 위치해 있기에 종로 + 인사동 + 삼청동 등의 지역 관광시 추가하여 넣기 좋은 코스 입니다. 수문장교? 교대식도 볼만하고, 나름 운치 있습니다. 매주 화요일은 휴관일 이므로 화요일에는 방문하시면 관광이 어렵습니다^^"
31,어려서부터 가 본 곳으로 옛 추억을 회상할 수 있고 달라진 여행객들로 하여 시대의 변화를 체감할 수도 있다. 정전 앞의 너른 돌마당은 오랜 옛 자취를 느끼게 하고 여러 전각들을 출입하며 구경할 때 낮고 아취가 있는 옛 돌담과 나무문들을 지나노라면 현대인으로서 태고의 하늘 아래 역사의 무대를 출입하는 느낌을 느껴 볼 수 있다. 날씨가 추울 때엔 카페에서 음식을 먹으며 창밖으로 풍경을 더 감상할 수 있고 상점안에서 기념품을 고르는 재미도 있다.
32,정궁 역할을 하고 싶어하나 너무 많은 욕심을 내어서 관광지 모조품 같아 보입니다. 박물관은 중국풍으로 보이고 광화문 안의 빈 공간이 주차장 느낌이 납니다.
33,"은 큰 건물, 큰 공원은, 여러 건물들. 최소한 2 시간 및 위험 하고 모두가 여름 더위, 꽤 지쳐. 모든 건물들은 거의 모두 찾습니다. 메인 빌딩의 파빌리온 이 있어야 할 수 있는 교감 호, 인상적인 것이다. 매우 안전한 정보는, 적어도 없는 영어, 은 부끄러운. 하지만, 이는 큰 궁전 건물은 서울에 가장 중요한 관광지는 아오 참조해야 합니다."
34,"경복궁에 있는 큰! 매우, 매우 큰. 부지 가서 영원히 의 크기 및 역사 죠. 환상적인 관광 가이드 책을 온라인으로 무료로 사용할 수도 있고. 그러나 대신에 창덕궁 을 방문하는 것이 추천 합니다. 대부분이 전쟁 중 이 경복궁 복원 중인 파기 위해 유사한 "" 다시 일 "" 과 같은 것이 아니라 나와 같은 느낌이 조금 지나 테마 파크. 창덕궁은 다른 많은 세계 유산 사이트의 유지와 원래 구조, 멋진 정원도 있는 "" 시크릿 가든 "" 하는 많은 서울 시민."
35,그냥 어떤 이는 말한다. 흥미로운 아키텍처와 큰 궁전. 위병 교대식 을 하는 시간입니다
36,"내가 겸손 이 라고 생각 하면 한 개의 팰리스 서울, 이 아닐 볼 수 있습니다. 실망 하는 사람도 있어서 하루 의 두 번째 팰리스, 저는 이런 것 같은 느낌이지만 제가 이전에 방문한 날이 정확히 같은 곳이었는데 다른 새 궁전 입장료 (사실 매우 저렴함)."
37,"좋았습니다, 하지만 현금을 가지고 싶다면 se 구멍 영역을 보여 줍니다. 좋은 레스토랑의 음식과 좋은 서비스"
38,"건지, 그게 전부 입니다. 관계가 없었다. 사진을 찍기에 좋은, 하지만 쉽게 받을 수 있습니다."
39,"사람들이 왜 생각을 볼 수 있어서 좋은 장소 입니다. 특히 역사를 좋아하는 분들, 저에겐 맞지 않지만. 베이징 tian an men 처럼 느껴지지 한다."
40,"이 곳은 없지만 기억에 남는 인상적인 한 /. 새로 지어 지는 왕궁 대신 역사적. 다양한, 샌디 광활한 지역. 매우 지루한 및 정원 ameteurish. 기억에 남는 재미있거나 찾을 수 없습니다. 더 인상적인 유적지 시설들이 많이 본 아시아. 일본 에는 훨씬 더 인상적인 역사적. 서울에 있는 시간은 많지 않는다면, 이 생략할 수 있습니다."
41,"모두 사용할 수 없습니다. 만약 피곤하고 반복적으로 같은 구조, 방문하는 것이 바로 이 궁전. 다른 쇼핑 센터가 바로 궁전 건너뛸 수 있습니다다른 작업을 수행할 수 있습니다."
42,"멋진 건물, 멋진 성능. 이곳은 거대한, 많은 관광객들. 북촌 한옥마을 근처에 있는, 도보 거리에 있다."
43,"이 궁 은, 그러나 설명하는 여러 건물 또는 기록이 아무것도 없다. 제가 바라는 몇 가지를 사용할 수 있을 뿐만 아니라 건물 및 상세 사진 들 뿐."
44,"다른 나라에 비해 작은 규모의 궁전 이다. 하지만 좋은 곳이 한국 역사를 배우. 무료 가이드 투어는 영어에 팰리스, 공식 웹 사이트 일정 확인 용. 시간은 약 1시간 정도 의 자유 여행."
45,"한국 문화는 중국 과 유사한, 본 베이징의 자금성 경우, 다음 비하면 버전입니다. 하지만, 이는 처음으로 한국, 추천하고싶다. 을 할 수 있도록 많은 노력을 하는 흥미로운 곳이 많은 문화 체험 관광지 추가할 수 있습니다. 전반적으로 재미있고 즐겁게 할 가치가 있습니다!"
46,크게 펼쳐. 먼지가 많은 열린 공간이 퍼져 있고. 경비는 흥미가 있는 변경
47,"제 아내와 저는 올해 초에 방문한 경복궁. 처음 봤을 때, 궁전에 가 인상적이다. 하지만, 한 번도 볼 수 있는 건물. 정말 많은 것을 할 수 있지 않습니다. 정원에 있는 꽃을 사용할 수 있고. 열린 공간이 하고. 추가할 수 있는 두 개의 분수가? 30 수 있습니다 - 45 분 정상."
48,"정말 아무것도 특별한. 다른 궁궐 이 더 imho attrative. 수천명의 관광객들의 주요 장소였지만 나는 하고 싶지 않다고 명소 팰리스 서울 최고의 하나. 물론 이는 가장 큰 하나, 빠른 실행 시간, 4 시간을 보내게 - 5 시간 에 동시에 같은 느낌이었는데 40 먹어봐야겠단 - 50 분. 이상한, 정말!"
49,"많은 사람들이 있었고, 많은 설명 정보 사이트 이지만 건물. 좋습니다 가족 피크닉, 너무 많이 걷기 본 건물 중 원하는 언어로 없는 설명을 했다."
50,"우리가 볼 수 있는 특별한 결혼식 이 거대한 궁전 "" 예행 연습 "". 매우 흥미로운! 많은 사람들이, 많은 음악, 많이 열. 리허설 이 시작하고 2시간 정도가 지난 일요일 11시. 그 작은 일 의 결혼식에 가고, 한 눈에 보이는 실수. 하지만, 이는 매우 흥미로운 결혼식을 볼 수 있는 변경, 소리가 매우 독특한 음악. 믿을 수 없을만큼 정교한 의상 들. 정상적인 예행 연습을 하는 것을 모르는 자주, 또는 가끔씩. 이곳은 너무 강렬한 후 일반 위병 교대식 을 열 게 되었다, 우리가 간 이 박물관은 무료로 제공되는 이 많지는 않지만. 하는 것 같지 않지만 많은 역사적인 기념품 이 될 것입니다 아주 멋진 빈티지 자동차 2 에 있는 중앙 아트리움 모든 것 소. 1 만 시간 정도의 충분한 시간 은 더 멋진 박물관 이 있어 잠시 앉아."
51,전형적인 궁전의 중심에 있습니다. 관광객들로 붐비는. 도움이 되는 좋은 것을 할 수 있는 안내서.
52,"서울에 있는 큰 관광명소 중 하나이다, 하지만 나는 느낌이 있는 도시에 너무 많은 것을 할 수 있는 최고의 메모리는 쉽지 않다. 재구성 하시고 주변에 다양한 전쟁. 알 수 없는 장애, 더는 나에게 흥미로운 아니지만. 그것은, 그냥 같은 건물 같은 느낌이 들지만 계속해서. 당신이 보는 것, 멋진 것이다. 서울에 있는 현대적이고 더 추천하고 싶어요."
53,"했지만 바쁘다, 바쁘다. 더 좋은 경험일 수 밖에 갈 경비 변화하는 팰리스 의 경험. 내 말을 오해하지 않은 사람들은 특정한 궁전은 아름답지만 이 시간 입니다. 사람들이 사람들에게 좋은 기회를 제공하고, 활동하는 여행."
54,"어린 두 아이와 함께 한 - 알 수 있을 장소는 휠체어 접근 했습니다 있었는데 정말 힘들어 유모차를 받고 있습니다. 이 많지 않기 때문에 내부를 볼 수 있지만 재구성이 원래 볼 수 없습니다. 경우 가 다른 아시아 도시에 임페리얼 팰리스 (베이징 도쿄, 타이페이) 이 특히 인상적인 사이트 찾을 수 없습니다. 좋은 점 - 입장료가 저렴하고 도시 관광명소 들이지 있습니다. 화창한 날에 편안한 산책을 한다. 화요일에 문을 닫 유의해야 합니다"
55,나는 아시아에 있는 다른 추가 정보입니다. 이 작은 복도 안에 있는 정보 문화 역사 및 후에 있었어요. 건물의 건축양식은. 이 사진을 몇 장 찍은 방문할 가치가 찾고 세부 여행. 아름다운 정원과 객실은 아름다운 생각 들 을 보고 어떤 곳에서는 각 상륙 가구 방법에 대해 설명합니다. 이었기 때문에 매우 실망했습니다.
56,경복궁은 산책. 관광객이 많은 것은. 하지만 우리는 여행객 입니다. 정원은 뒤에 있습니다.
57,내가 좋은 아침 산책. 많은 것을. 매우 빈 궁전. 입장료는 비싸지 않나.
58,"이 이유 때문에 역사적 가치는 수천명의 사람들이 입니다. 동시에, 그는 한국에 novela 샷간의. 내 이름 언급하지만, 많은 일을 할 수 있고 경비를 변경할 수는 매일 오전 10."
59,"전체적으로 이 아름다운 궁전 같은 곳에 발을 들여. 하지만, 호텔은 여행객들로 붐비는 상당히 시끄럽 었습니다 특히 주변 메인 홀. 이 경우 더 많은 고객들이 방문할 가치가 있는 건물들이 대부분이 허락 되어 있는 건물들이 방문자의 한계 밖에서 볼 수 있습니다. 그것만 빼면, 각 건물의 역사에 대해 좀 더 설명 있어야 합니다."
60,주위에 내 친구들을 보여 주는 좋은 일인지 여행 가이드. 좋은 시간 관리와 좋은 설명을 했다. 정말 좋은 시간을 가지고 시장 한 친구 다. 겨울에 가장 좋은 곳을 방문하는 등.
61,"좋은 궁전. 잘 관리되고 있는 소. 매우 저렴하니. 큰 정원과, 정말 이 좋은 날, 좋은 거리 입니다. 본 건물 중 하나일 건지 것이 다 갖추어져 있어 기간 동안. 하고 있는 건물들이 많고, 우리는 하지 않아요."
62,차가운 달 이 그렇게 좋은 곳에 가서! 사실상 모든 시간들 밖에는 꽤 추운 겨울 날씨가 한국 염두에 두고. 그렇지 않으면 정말 흥미로운. 한 중앙 난방 장치가 있습니다. 
63,"서울에 있는 시간은 많지 않는다면, 이는 다음에 꼭 방문할 수 있었거든요. 현대적인 예술 박물관 으로 또는 대신 작은 아트 갤러리. 광화문 에 있는 경비 (경복궁 정문에서) 의 변경 작은 게 느껴지지만 확인을 그룹, 지금까지 수가 경비가 더 잘 알지. 선택할 경우, 더 많은 경우 가이드 투어 로 가는 것은 당신 입장 티켓. 가이드는 매우 많은 지식이 있지만 먹을 수 있는 건물이 있어서 완전히 복원 이후 않은 동안 꽤 많은 20 세기 초 일본 체계적으로 demolished 규칙을 일."
64,화보 하는 괜찮다. 빌려 입어 온 사람들과 좋은 사진. 이 곳은 최대 4 시간인 긴 수 있어야 합니다.
65,우리는 경복궁에 있어서 추운 날 얼어 가 다니지. 우리는 겨우 30분. 궁전 에 기대하는 흥미로운 이야기를 작습니다. 오는 2월 초에 고궁 사용하지 않는 것이 좋습니다.
66,"이 큰, 인상적이고 의 옛. 하지만 조금 지루한 겨울에. 마당 의 흙 과 눈이 젖어. 중국 단체 관광객들도 매우 붐비는 설 연휴 동안 홀리데이. 대부분의 건물이 하고 문을 열어 보지 않는다 또는 창 을 입력합니다. 더 흥미로운 단체 할 수 있습니다. 전체적으로 가 볼 수 있습니다 3 시간 이후 칠만 원 일반 항목 k. 하지만 나는 고려하지 않았을 것 "" 참조 합니다 """
67,"또한 그 자체로 괜찮은 곳이었어요. 아시아 팰리스 호텔은 본 적이 없을 걸지 확인할. 하지만 본 교토, 태국, 또는 베이징, 간단한 이 쿼리되고 있습니다. 서울에 올 수 있는 이유가 이 궁전에 하지 않는다."
68,"제가 본 비 의 최고 궁전이 하며 다른 궁궐에 비해 아무 것도 없습니다. 그러나, 이 그럴 가치. 또한 훌륭한 다른 외국인들이 옷을 입고 사진을 하기로 하고 엠페로스 황후!"
69,서울 시내에 있는 곳입니다. 좋은 곳에 있는 아키텍처 및 기록을 볼 수 있습니다. 이 곳은 영어 가이드 투어를 특정 시간. 이 시간을 확인할 수 있는지 확인하십시오.
70,"좋은 장소를 방문할 때, 작은 입장료, 하지만 정말 배우 하고 싶은 것이 고궁 박물관에 가서 안쪽에 있는 정원. 좋은 설명합니다."
71,이 궁전은 한국어 아키텍처. 우리가 건물 외부 의 주위에 - 아닌 내부. 국립 박물관 안으로 들어가 forklore 문화에 대해 배우 마우스이고. 아는 가치.  * TK
72,할 정도로 이 곳은 아닙니다. 제가 방문 한 궁전이 세계는 정말 미니멀 한 궁전. 생략할 수 있습니다.
73,"특별한 것이 많은 곳이 있어 궁전 으로 "" 입력한 "" 표시 이다. 하지만 어떻게 보고 같은 장소를 가서 헤어 살."
74,"이 거대한 궁전은 아니지만 정말 나를 경외 하지 않았다. 덕분에 이 호텔 전체 패키지를 구매하는 것과 같은 3 곳 10 달러. 알 수 없기 때문에 결국 이 모든 다른 2 가지 않았다. 저는 여행할 수 있기 때문에 체크 아웃을 하면 후회 하지 않지만 모든 것에 대한 후회는 하지 않는 다른 번들로 구입 입니다. 비용 절감 경우는 티켓을 구매하여 있다. 보면 입구에 경비가 있어서 무료로 사용할 것을 선택할 수 있는 대한 사진 일부가 당신의 돈을 대신 먹을 수 있는 맛있는 음식. 하지만 돈이 있다면, 가서 확인해 보세요."
75,". 하지만 창덕궁은. 한 시간밖에 없기 때문에, 작은 선택, 더 복잡한 유네스코 세계 문화 유산."
76,"아름답고 아주 잘 되어 있습니다. 뿐만 아니라 팰리스, 박물관을 방문 할 수도 있지만. 있는 한국인들은 한국을 방문 하기 에 대해 더 알고. 꼭 봐야 할."
77,"추운 날 입니다. 바로 가입하고 11 시간을 영어로 - 사용 설명서를 참조하십시오. 왜 항상 여행 경비 의 충돌 이 변화? Grrrrrr. 제가 이 궁전이 예뻐 다른 계절에. 겨울에 보는 꽤 건조. 가이드의 이야기들이 지금도 좋지만 너무 추워. 그녀는 동문 들이 국립 민속 박물관, 아주 유익한 박물관 였다. 전반적으로, 한국의 건축은 흥미로운 팰리스! "
78,"이 곳은 흥미로운, 한 평범한 것이 아무것도 없다. 위병 교대식 을 보았고."
79,"거대한 궁전의 간 단 이 있어서 전체적인 궁전. 볼 수 있는 변경 의 경비, 안전 요원이 외부 사진 했다. 여름 가면, 이놈 은 너무 덥기 때문에 옷을 입고 편안한! 그늘이 많이 사용하지 않는 한 변경다른 건물에 궁전. 매우 흥미로운 역사가 있는 것 였다. 아름다운 궁전, 꼭 봐야 하는 경우 첫 번째 타이머."
80,"경복궁에 실망했습니다. 많은 가이드 북 을 하나의 탑 텐 서울을 방문하는 사이트 입니다. 궁전은 매우 잘 관리되어, 전시 또는 가구가 많은 방이 없다. 이 작은 호수 근처에 있는 유일한 명승지 장식용."
81,"전에 궁전 이라고 하는 기타 2, 알 이 큰, 배고픈 시간에 아주 피곤했던, 그래서 내가 방문 1 시간. 바로, 2 - 2. 5 시간을 더 잘 할 수 있습니다."
82,"저는 여러 번 경동 팰리스. 나는 미국 입니다. 저는 미국에서 고객이 제작자는 캐비닛 s, 가시화 및 기타 건물 공사를 하고 있기 때문에 왕궁 의 정원에, 해. 공기 간다고 말하는 수리 / 복원 허위 정보 / 재구성 복합. 오래된 건물들 이 지. 정원 것처럼 아직 되지 않은 생활. 왼쪽은 방황 하지 않고 정보의 진정한 궁전 의 일상 잡고 있습니다. 더 쓸 필요가 있는 시각적 자치 단체 중요한 점은 어떤 방식으로 이동할 수 있는 정보 및 사진을 보고 기대를 한 사람이 됐어요. 사용할 수 있었거든요. 드롭다운 목록에서 사용자의 ipod, 휴대폰 및 기타 기술 장치. 100 년 전에 상상. 200 년 전에."
83,오리엔탈 팰리스 물건은 경복궁을 방문하는 일반적인 중국에서 보아야 합니다. 흥미로운 것은 변경할 수 있는 유일한 경비가 매일 오후 2시 (4 시간 은 매일 매일 이 들었다).
84,"절 이 크지는 않지만 있습니다. 그러나 아주 예쁘고 근사한 박물관 였습니다. 작은 선물이 엄청나게 비싸다. 박물관에는 큰 표지판과 함께 다양한 음식들이 지원하지만 단순히 descriptiones 영어가 이 직, 오디오 가이드가 추천을 할 것이다."
85,"역사적인 건물 이 잘 유지 및 박물관. 우리가 한국 청소년 이 많고 (한국식 costum) 를 입어 입어, 할 수 있어 사진을 무료로 제공 합니다."
86,아주 사랑스러운 궁전에 있지만 큰 금액이 아닙니다 추천하고는 본 건물. 하는 것이 더 나은 경우 도 있는 전시회. 하지만 오디오 가이드를 한 것이 있는 것은 등에 대한 자세한 내용은 설명서를 참조하십시오. 있었는데 아주 좋은 호수 에 있던 작은 선물이 더 필요하다.
87,"Palace 는 공용 이다. 대부분의 전 세계 및 팰리스, 변경할 수 있는 경비 해. 이런 경우가 아니라면, 이 두 번 수행됩니다. 그 흥미로운 관광을 해 볼 수 있는 기회가 있다면 이 있어야 합니다. 저렴한 입장료는 안, 하고 사진을 찍을 수 있는 한국의 역사. 또한 추가 비용을 지불한 경우 내부 하는 입력할 수 있습니다. 저 펄, 약 2 시간 및 입장료를 지불해야 합니다 저는 처음 방문한 궁전. 갈 수 있는데, 아주 쉽게 하는 지하철."
88,"이 곳, 궁궐 의 공원이 있는 것에, 그것도 "" 와 "", 그냥 일반 - 스타일 건물. 한 번 가볼만한 때 처음 서울에, 나는 큰 매력 이 있지만 추천하지 않습니다"
89,"경복궁 을 구경하기 좋은 장소 같은 날에 다시 자세히, 무료 영어 투어에 사용할 수 있습니다. 또한 무료 박물관 2 팰리스에 위치하고 있어. 저는 운이 좋게도 호텔에서 무료로 입수했습니다. 나는 어떤 이벤트 이었지만 매우 근사했어요. 정말 화려한 장소. "
90,저희가 방문한 관광객들이 이용하는 왕궁. 45분 정도 걸려서 궁전의 거대한 않았다. (부인: 가이드 투어를 하는 책도 없었고 순수하게 검색)안전 요원이 정문이 흥미롭고 shift 스왑 프로세스가 재미있었습니다. 방문을 추천합니다.
91,입구의 도어맨은 매우 흥미로운. 안에 있는 것을 볼 수 있습니다. 필요한 것이 붐비지 않고 15분 정도 전체 팰리스 볼 수 있습니다.
92,이 일이 날 나는 운이 좋게도 4번 가아드 변경을 해 볼 수 있는 그 순간에 도착. 이곳은 거대한 건물들이 매우 유사하지만. 나는 건물을 제외하고는 하나의 사진을 입력합니다. 한 방문자가 하루 전 예약 인입구. 몇 개의 건물을 설명하는 브로셔 를 활용할 수 있으므로 더 많은 정보 이해가 건물을 방문. 
93,아주 큰 건물이 많은 곳이 아닌 다른 많은 지옥의. 이 많은 곳이 역사적으로 또는 실제 수치는 정보 중 일부는 한국 정보. 확실히 아이들을 찬 곳.
94,"로얄 가든에 가서 뉴욕 타임즈 읽는 기능입니다. 가이드도 좋았고, 열어 어렵지만 관심을 지불. 정원도 좋은, 하는 것 같은 느낌이 아니라 공원 구역 있다. 이것을 기대했는데, 생각보다 화려한."
95,"정말 좋은 궁전 이었고, 제가 있던 화려한 궁전이 기대되는 것. 특히 다른 관광지를 방문한 후. 이라고 한 것을 할 수 있는.가치가 있는 palace, 하지만 이상 할 필요가 없습니다. 1시간 후에 나의 여행 이다. 저는 조금은 실망 할 수 있기에 건물.매우 쉽게 방문할 수 있는 마을 버스를 종결 해 엎어지 합니다.그런데 빌려 입어 (일부 상점 근처) 10.000 (내 생각에 1시간) 비용 절감, 뜨거운 여름 이지만 정말 신을 받을 수 있습니다."
96,"한 지역의 많은 건물이 내용을 입력할 수 없습니다. 저희는 너무 늦게 구경을 가지 않고. 그래서, 산책과 우리의 기대에 부응하지 못하는 우리의 부족 한 정보입니다."
97,"이곳은 보시면, 아닙니다 우리 영원히 기억해 궁전입니다. 좋은 아키텍처와 좋은 위치, 하지만 더 이상."
98,"그래서 우리는 궁전이 하기만 하는 합리적인 3,000 KRW. 지도 및 정보 책자를 갔을 때, 영어를 할 수 없고. 그래서 모든 것이 다 있는 정말 아름다운 보... 우리는 숙박을 하지 않는 긴 때문에 잘 모르는 우리가 찾던. 정말 예리한 경우. 영어 가이드가 사용할 수 있습니다. "
99,"서울에 있는 것이 결국 우리 모두 알고 있는 경우에, 최대한 시간을 1 - 가 자유 여행, 부족하지만 영어 투어 보다 좋을 만날 수 있어, 다음 웹 사이트에서2 - 가아드 을 변경, 시간은 13:00 틱 하즐길 수"
100,이 궁전은 거대한! ! ! It 가 떨어지고 있어서 다양하고. 투어 가이드는 것이고 아니면 에 가면 어떤 건물을 지 알 수 없습니다 팰리스 진행. 밤에는 조명도 켜 주 확인할 곳이 권장.
101,"불행하게도, 많은 관광객들이 방문하고 있는 경복궁 의 어렵고 좋은 그림이 모든 사람들을 배경으로."
102,"서울 전체를 보지 않고 할 수 없는 가장 중요한 궁전 아리마를 나라. 거대한 사람들이 기대하는 여름. 어떻게 살아있는 배우는 개인 가이드 눈금자, 등이 있습니다. 이 도시의 중심에 있어 접근이 쉽다."
103,나도 좋지만 한 이유가 있어 운동을 할 수 있기 때문에 거대한 부지 입니다.많은 건물이었기 때문에 보수 공사를 마친 (기본적으로 모두)도 없는 깊은 역사의 느낌.
104,"가족과 함께 갔는데 앞 마당에 가는 것. 하지 않는 것이 있는 것은 없기 때문에 입력한 팰리스 만큼 좋지 않은 그들이 보는 베이징의 여름 궁전. 그러나, 이러한 종류의 장소에 관심이 있다면, 당신이 이 궁전을 방문했어요."
105,많은 사람들이 있는 이 지역에서 가장 큰 궁전을 방문하는 한. 일부 문에서 볼 수 있었기 때문에 가구는 건물은 어떤 사람들이 살. 저는 개인적으로 창덕궁 이 더 예쁘 할때 더 평화로운 곳. 모두 오지 않는데 왜?
106,"이 광고는 어떤 수 있습니다. 나는 솔직히 말해 저는 좀 실망 합니다.그럼 한가지 선택: 궁전의 정원은 아름다운. 수 없다. 하지만 더 유익한 곳을 찾고 있었는데, 이 곳이 나지 않았다.물론, 영어를 할 수 있는 투어, 하지만 아주 드뭅니다. App 수 있는 오디오 가이드도 있고, 또 다른 애플리케이션이나 애플리케이션을 초기 를다운로딩, 그런 다음 다운로드 서비스를 부탁한, 어느 시점에 결국 포기했다.저는 개인적으로 더 한국 민속 박물관인 훨씬 더 흥미롭고 유익한 반면 팰리스 (또한 무료).사람들도 자연: 더 나은 옵션들이 창덕궁 아리마를 것 같습니다."
107,"6월에 가족과 함께 한 여행으로 크루즈 여행을 하다. 휴식을 위해 긴 여행을 하다 이 될 수 없는 세 시간 1시간 정도에 최소 필요한 작업을 수행할 수 있습니다. 좋은 사이트가 있는 역사적 중요성, 매력이 있는 일련의 고대 건물, 깨끗하고, 잘 정돈되어 있고 기호 1,244.27. 박물관은 훌륭하지만 해야 할 시간이 있다. 내 아이들이 지루해 한 경험. 이는 성인 의 매력."
108,"예, 간, 그리고, 처음 봤을 때는 아주 인상적인, 하지만 그게 다 거예요. 필요에 따라 동일한 구조를 볼에 따라 같은 벽 때문이에요. 이곳은 거대한 산책 시간이라 볼 수 있지. 또 다른 것은 하지 않는 것과 같은 이에 관련된 전체적인 분위기도 보여서 다시 그려집니다 새로운, 및 하지 않은 곳에서 본 것을 지금까지 상당한. 유선 네트에 장착되어 있는 쪽의 지붕 밑에서 (아마도 방지하기 위해 새 페인트 작업에서 새 중첩 명예를 훼손시키는?) 그리고, 다시 한 번, 아름다운 구조 때문이었어요. 저도 사진을 촬영하지 않은 못생긴 그물 을 및 밝은 컬러 때문에 페인팅합니다. 내 생각에, 남산골 한옥 마을이 많은 시간을 보내는 것보다 더 좋은 곳. 그냥 가서 경복궁 (약 20분) 중간에 해당하는, 사진을 찍을 수 있는 밖에 (유사한 안에 없는) 다른 곳에 있다. 예, 입장료 도 저렴하지만 시간을 낭비하고 있습니다."
109,"저는 큰 궁전 있는비디오폰. 나는 대부분의 시간을 함께 끌어 필요, 경복궁 은 정말 가볼만한 가치가 있지만, 이 경우의 광대 한 정원에서 산책을 하고 뒤에 있습니다. 많은 사람들이 무료 투어, 저희는 그냥 읽기 브로셔 보기 및 표시 거예요. 많은 한국인들이 사이트에 방문하는 시대의 의상을 입고, 다채로운 경험할 수 있는 정통. 아침이나 오후 시간에 서울을 가기."
110,조금 실망하는 것이었기 때문에 장엄한 아키텍처 및 아름다운 정원 os라고 자랑하는 가장 아름다운 모든 5입니다. 한 가지 이유가 있기 때문에 다른 궁궐 이. 한 시간에 근거하여 공공 열거나 볼 수 있습니다. 그러나 입구의 도어맨은 매우 의무화 는 좋은 기억에 남는 사진입니다.
111,"흥미로운 왕궁 의 재현. 원래 구조 보다 더 나은 경우가 될 것은 여전히 차전극패드부. 이는, 계속하기에 괜찮은 곳. 때때로 전통 의상을 의식 할 수 있습니다."
112,"좋은 곳에 관심이 있는 사람에게 년의 역사를 군주 정치.이 곳은 매우 아름다운 사원의 아름다운 자연, 비밀의 정원 양식의 (예를들어.전체적으로 들려야 할 곳의 작은 년 역사를 배우고 싶은"
113,"아름다운 궁전과 좋은 산책. 하지만, 건축 한 아름다움, 변경다른 위치에 있을 수 있는 것과 동일한 영역이 더 아름답다.이 근사한 건물 앞에서 변경하여 가아드."
114,"정말 정말 간단하고 평화로운 한국인 입니다. 아름다운 정원과 복도, 너무 화려한 건 없었지만. 방문해야 할 하나 이상의 경우 서울의 궁궐"
115,이후 아시아의 많은 지역을 여행하지 않은 내 발에 나는 날아. 이 멋진 곳이지만.최대 2시간을 보내고 있습니다
116,이 곳은 아주 좋습니다. 왕궁은 아주 넓다. 상상할 수 있는 패스 및 신기해 왕과 여왕 들 을 따라 산책 정원 풍경.티켓을 구입한 경우 해당 팰리스에 가면 국립 민속 박물관 티켓을 무료로 제공해 같은 날 때 표시할 수 있습니다.
117,왕궁은 아주 아름다웠는데 고무 신발을 착용 하기 때문에 아주 큰 궁전 합니다. 많은 사진 촬영 에 있는 경복궁.
118,"이 사진을 보고 사이트를 방문할 수 있는 좋은 궁전. 하지만, 가족과 함께 하는 날에 가서, 이 지역 주민들로 붐비는 관광객이나 한국의 문화였다. 또한, 영어 가이드 투어 가이드 없이, 우리는 아주 고장 팰리스. 나는 경복궁 창덕궁 으로."
119,"아름답게 복원 후 해당 부품을 제거에 큰 동요 한 기록, 팰리스 는 한국인의 중요성을 기념비 되튀기 의 역사. 절제된 우아한 개 더 자금성, 고궁 에 산책을 충분히 즐길 수 있는 한 시간 반 일 전체 ' 탐사 활동. 향후 관광: 그늘이 있습니다(특히 중설음의 퍼레이드 영역을 볼 수 있는 위병 교대식) 이 매우 뜨거운 여름 기간에. "
120,특별한 것도! 한 유명한 곳만 있는. 많은 한국 여자들이 나와 함께 한 전통적인 셀프 카메라를 빌려 입어 전문 사진 작가. 하지만 한 번도 하지 않은 경우가 있다.
121,"경우는 처음입니다. 나는 역사 & 문화 제를 시작하면 좋을 것이다, (쇼핑하고 및 엔터테인먼트 나중에 사용할 수 있습니다), 서울이 기 때문에 풍부한 입니다. 그들은 그들의 문화를 잘 presevered. 저는 개인적으로 할 수 있었거든요. 나는 이곳에 내 짐을 바로 가서 체크인 하기, 시간의 변화를 받고 1pm 가아드. 여기가. 5호선 광화문 역을 이용하는 광화문 광장에서 시작 및 종료 사용되는 2., 세종대왕 동상 의 위치 및 아드미랄 팰리스까지 걸어가시기 yi 및 두번째입니다. 해요), 하지 않습니다. 팁: 티켓 카운터 에서 티켓을 구입하기 위한 함께 궁궐 + 종묘 10,000. 창덕궁 에 있는 비밀의 정원 등이 여기에 포함됩니다. 별도의 티켓을 사면, 각 관광지 입장료를 최대 3000 (그리고 시크릿 가든 의 추가 요금은 5000)"
122,"저는 역사적인 장소를 방문 하는 것이지. 모습과 스타일이 매우 유사한 중국어 하나 팰리스, 정말, 여전히 가지고 괜찮은 사진을 지정할 수 있습니다. 하지만 이 비어 있고 표시되어 있는 거리의 역사에 대해 단일 로그인."
123,"문화 / 역사적인 장소를 방문할 때는 서울 중. 하고 있는 베이징의 자금성 만큼 크지는 않 팰리스, 방문할 가치가 있지만. 좋은 곳에 가서 잠시 모든 끝없는 쇼핑."
124,좋은 곳을 보는 사람들에게 서울을 방문. 위병 교대식 을 볼 만한 데. 약 1 - 2 시간 관광 완료하는 데 필요합니다.
125,"시는 3 월은 10am 날카로운, 시간이 없기 때문에, 저는 역사적인 한 사람은 경험이지만, 그래서 보는 밖에서 보고 참 좋았습니다 가아드 이동합니다. 하지만 확실히 가능한 사이트가 한국을 체험! 역사적인 사례를 들으면서 투어 가이드; )"
126,이 곳은 역사적인 현장. 여기에 쉽게 하루를 보낼 수 있습니다. 공지 사항. 반드시 메움봉 음식 및 음료가 없어서 여기 음식이 다. 에 있는 작은 커피와 음료는 스낵 바 만 몇 자. 
127,"멋진 건물은 건물들. 전체적인 크기인 때문이었다. 이 하여, 또는 학습할 수 있습니다 게다가 밖에 산책, 빈을 따라 또는 closed 입니다. 하지만 방문할 가치가 있는"
128,"이 땅에서 큰 궁전 deceivingly, 어떤 분이 라고 생각하는 것으로 20분 정도 걸어 들어가면 팰리스 로 90. 또 다른 좋은 사이트에서 보는 사진을 얻을 수 있는 어떤 생활 때 … 매우 스릴 넘치는 매력이 있는 것, 하지만 꽤 볼 수 있습니다. 생각이 아니라 나쁜 사이트, 좋은 날씨에 이 일을 추천 합니다."
129,"아침에 한 궁전. 정문을 통해 들어가야 팰리스 광화문 에 맞춰 방문하여 로열 guard - 변경할 수 있습니다. 왕궁은 다시 복구할 수 있는 통찰력을 대부분이 살고 있는 지역 중 한 명이, 투어는."
130,"그 중 하나입니다 이 곳이 서울의 관광명소 중 하나이기 때문에 … 이 버전은 훨씬 작고 덜 화려한 외관은 중국의 자금성 의 궁전. 여기에 가고 싶을 경우 북촌 한옥 hillage, 길을 물어봐야 하는 등 매우 가까운 … 때문에 이, 국립 민속 박물관 도 꽤 좋은 볼 수 있습니다. 관광명소 무료로 사용할 수 있는…"
131,"부모님과 함께 하는 궁전을 너무 빨리 지루 했어요. 할 수 있는 궁전 안에 있습니다. 자신을 얻을 수 있는 몇 가지 점만 닺. 이 사이트는 정말 추천하고 싶지 않는 재미있는 곳이 추구하는 경우 일부 및 피크닉 장소를 방문할 때. 하지만, 그 검사의 경우 틱 마크가 송신처 더 진행하고 충분히. 할 수 있는 것이. 아, 하면 박물관도 방문할 수 있는데. 하지만, 너무 실망스러웠습니다. 행운을 빌어 요! :) :) "
132,"이 아키텍처는, 가이드가 체크 아웃 시간을 꼭 해야 하지 합니다. 제가 갔을 때 가이드 없이. 카운터에 한 번 있는 무료 가이드 투어 정보 입력 중 오른쪽 팰리스. 무료 지도도 제공합니다. 정말 치열 의 건물 안에, 그리고 아마 볼 수 있는 exchange 의 경비. 또는 사진을 찍기에 팰리스. 하지만 티켓 가격이 3000 원에 갈 수 있는 궁전. 이 경우 hangbuk 을 더 좋을. 좋은 사진. 전 기존에 몇 커플 꾸지림 만난 결혼식 가운."
133,"여기에서 것이 합리적입니다. 보시면, 이유 및 방법을 보는 한국 문화 이해 backgound에 toand"
134,"이 날 왕의 기본 다시 레지던스, 서울 6 답변하기 중입니다. 수가 나지 않으면 밤 시간에 특별한 시즌 티켓 제공 또는 투어. 위병 교대식 을 잊을 수"
135,Grand 스펏. 좋은 방문. 하지만 모든 중국 사람 보다 적은 유사한 궁전.기본적인 예로 갈 수 있었지만 많은 것을 기대하지 않습니다.꽤 놀라운 일이었기 때문에 작은 공간에 모던함 을 함께.
136,가장 놀라운 사원이. 이 사람은 내가 제일 좋아하는 앞의 호수에 나가 반짝이는 서피스를 되비침. 이 사원은 건축 디자인의 놀라운 이러한 각 영역을 자세히 사원은 정말 뛰어납니다.
137,"이는 한국의 새해 첫 날, 수백 명의 사람들 중에 흐르는 지하 궁전 - 무료이기 때문이다. 궁전에 있는 stop suituated. 전통적인 춤을 출 수 있는 것, 그리고 간단한 춤과 음악과 사람이 드럼 어 입어. 그런 다음 musemun 산책을 하고, 가치가 있고 잘 정리되어 있는 모습. 인사동에서 좀 떨어져 있어서 situtated 카운티까지 가 있습니다. "
138,"기본적으로 많은 사원들이 독출된 팰리스, 탑 에 서 및 모래사장. 바로 사막 처럼 보였다. 궁궐에 가서 하지 않도록, 따라서 이 많지 않은 것을 볼 수 밖에. 다른 유사한 특성이 없는 궁전 및 배경 정보 관광 사이트를 사용하지 않는 것이 좋습니다.가이드 투어가 더 나은 이해를 반드시 지시에 따라 서로다른 기능을 포함합니다. 그렇지 않으면 지루하고 무의미한 것입니다."
139,"저는 한국에서 몇 년째 살고 있는 많은 사원을 되게 하고 감동했습니다. 대부분의 대량 복제 원본 및 않습니다. 그러나, 사원들을 보는 경우, 나는 이곳이 좋습니다. 이곳의 가장 큰, 아름다운 정원, 특히 스핑의 및 여름. 가격도 아주 저렴한 티켓을 입력합니다."
140,"아내가 좋아 한국 드라마 는 보고 있는 이 시대의 역사에 관련된 시간, 방문하는 한국을 방문했을 때 다. 볼 수 있는 변경의 경비 하고 오후를 보냈습니다. 확인하는, 실제로 건물 안으로 들어가 수 있습니다 (비어 있는). 여름 기간에 하는 것이다."
141,자유시간이 있다면 서울에서 한 시간에 방문 할 수... 하지만 날씨가 안에 주의
142,궁전의 크고 돌아다닐 시간이 좀 걸립니다. 인기 있는 동안은 정말 좋은 가격으로 보지 않습니다.오디오 가이드를 빌릴 수 있는 옷을 사용해야 기존 의류.사진은 정문에 서 있는 초병 의 무료로 사용 가능
143,"어, 정말 아무 것도 할 것이 많은 것이 궁전. 때문에 저는 다른 아시아 있기때문에 기대 입니다. 하지만 나는 무료 여행 가이드 정보 센터는 아주 좋고 제공됩니다. 궁전에 있는 통찰력 있는 건물 구조의 이해, 굴뚝 타워 등이 눈에 띄는 없습니다. 난방 시설에서 터널 공사를 통해 제공됩니다. 그의 변명. 나는 일본에 있는 동안 / 한국 전쟁 초기에 아래로 탄 팰리스, 왕궁은 원래 세부 정보가 없었습니다. 그 장엄 고요함의 에서 기대할 수 있습니다 로얄 팰리스. 여전히 좋은 곳의 역사적 이해를 방문한 모나크 수명 기간 동안. 체크 아웃 무료 투어 일정을 오래 기다리지 마십시오."
144,"남편과 함께 가는 여름 동안에는 time.i 추천하지 않고 사용할 수 있는 슈퍼 뜨거운 여름, 습한. 걸어갈 수 있는 많은 것을 선택할 수 있습니다. 저는 궁전을 볼 수 있지만 더 많은 물건을 내줬으면 좋겠다는 큰 궁전 안으로 들어가 보고 할 수 있는. 하지만 이 곳은 꼭! 그냥 가서 한."
145,"나는 한국어로 되어 있는 역사적인 사이트를 방문 했을 때가 있었으면 좋겠습니다. 나는 영어 표지판 읽기, 하지만 foun 많이 이름 표시하지 않고. 무료 지도와 작은 안내를 할 것, 수 준 열 수 있는 경우, 어느 정도 서 읽었지만. 하지만, 많은 건물들을 보면... 그냥 난 그 말이 정말 이다.하지만 이 곳은 매우 광범위한 이 도 있었어요 그렇게 바쁜 우산 하나 손 잡고 bags.it 에 걸어서 쇼핑 센터는 비가 꽤 지쳐 있었다. 가기 전에 쇼핑을 하고 고궁 에 추천하지 않습니다."
146,이 곳이 국립 민속 박물관 옆. 나는 이 곳을 정말 즐길 수 있기 때문에 이 곳에 오지 않는 차가운 바람이 부는 11월 말에 이미 및그.
147,꼭 가볼만한 가치가 있는 곳에 가면 서울. 그러나 아쉬운 관광객 수 없습니다 건물 입력합니다.
148,"이 곳이 거대했습니다. 또는 여기에서 볼 수 있을 것 같아요. 빈 건물, 지루한 곳. 아름다운 호수에 있는 작은 카페. 스프링 시즌에 갔다. 좀 더운 날씨. 더운 여름 이 기 때문에 이 지역은 사막 주변 어븀도핑."
149,또한 여기에 지불 할 만 합니다. 조용한 역사적 건물로 아름다운 경치 콤파운드. 2 - 3시간을 걸어 다니는 준비를 했어요. 이 브로셔는 반드시 따라 가지고 역사를 알 수 있는 티켓이 없을 경우 해당 게시판을 제외하면 읽을 수 있습니다. 방문 계획을 적절히 변경하여 가아드. 한가지 실망스러운 건물의 방문을 닫고.
150,"비가 하루에 방문한 것은 실망스러웠습니다.그 변화 하지 않고는 아무것도 볼 너무 흥미로운 주요 지역 가아드.아주 작은 영어로 제공되는 컨텍스트에 있는 이해하기 어려웠다.제가 선택한, 창덕궁 에 가보세요."
151,"저는 건물 구조 및 모든 기록을 볼 수 있습니다.그러나. 저는 약간 실망한 경복궁 의 대부분이 공공 장소에 가까웠습니다.안에 있는 것을 보는 이탈리어 사용할 수 있습니다. 그래서 아, 이 끌지 수 있습니다.이 여행은 같은 건물을 보시면, 호수, 공원, 및 에 관련된 것."
152,"궁전의 정원은 매우 크지만 그는 모든 체크포인트. 킹 사이즈의 룸, 퀸 사이즈 룸을 어머니의 첩 ' 룸. 그들은 모두 동일하게 보입니다. 저는 거의 모든 장소가 다시 조금 실망을 발견, 아닙니다 원래 궁전 이지만 탄 내려가는 일본 침략. 그리고 이 왕궁 의 새로운 세그먼트를 추가 수행되지 않습니다. 입장료가 싼 편이다. 정상적인 건축 양식이 보인다. 아마 더 흥미로운 것은 여기서 볼 무료이고 치수 변경하여 팰리스 가아드 균일한 경비원이 있습니다. 관광객이 많은 것들을 놓칠 수 없는 경우 이다."
153,"기대하면서 여행이다. 나는 전혀 기대하지도 않은 기분을 망치지 않도록. 나는 이 두 번째 팰리스, 이것이 바로 앞에 2개의 조각상이, 다른 세종대왕 의 해군 대장 과, 의자에 앉아, 한글 의 설립자 겸. 티켓은 5000 원이 하면, 상당한 경우나 좀 부탁드립니다. 여행 및 관광 영어 통역 에 가입하기 시작, 칭찬을 상세하게 설명하려고 노력하는 것이 번역자의 역사를 모든 건물. 아키텍처 및 스타일의 상하이 와 베이징에 해당될 수 있어 튜닝되지 않은, 문화의 영향 때문에. 저는 좀 실망한 영어로 된 자료가 부족하기 때문에 각. 또한 signages 지역을 걷고 있는 부족한 준비! 아침 이른 시간에 가는 것이 수 있는 시간이 청와대 를 방문할 곳은 하나만 이 궁전 안에서 가이드가 있습니다. 불행하게도. 저는 블루 하우스 보지 않았다. 총. 나는 이 궁전, 특별한 것은, 그저 나를 문의 한다면, 나는 이곳에 정말 칭찬 지원하지만 관련 부서 확인하고 건조물 들이 잘 보존되어. 그래서, 서울에 가서, 가장 현명하게 선택하고 있는 것입니다. 이 목록에서 다시 볼 수 없습니다. "
154,"이것은 매우 큰 궁전, 최소한 1시간 정도 걸어서 모든 곳이지만 특히 내부의 아름다운 봄 / 가을을 참조하십시오. 이보다 아름다운 산의 경치를 볼 수 있기 때문에 오후. "
155,"모든 리뷰는 5성 호텔. 제가 예상한 역사 박물관. 하지만, 몇 가지 징후가, 설명 없음, 모든 건물이 아주 작은 가구를 갖추고 있습니다. 아마도 방이 여섯 가집니다 설정. 어떤 생활 을 알기 힘들었다. 오디오 가이드가 있었지만 그리 도움이 있기 때문에 유물을 볼 수가 없었다! 다양한 전시 가 없는 비교 theforbidden 팰리스"
156,저는 베이징의 자금성 은 즐겼다. 나는 카메라를 들고 경복궁과 함께 좋은 시간을 보내기. 역사적인 아키텍처 및 아름다운 정원에서 본 한국 드라마 기간까지 종종! 아주 아주 붐비는 때가 있었습니다. 
157,좋 은 사진 을 찍 을 수 가 궁 을 가아드. 비 가 오 는 나 ㄹ 따라서 하 ㄴ 안 사진. 선호 하 Cheongdeokgung.하지만 이 지하철 바로 연결. 쉽 게 찾 을 수 있 습니다.또한 더 유익 하 ㄴ 박물관 근처 에 위치.
158,"광대 하 ㄴ 지역 이 지만 아주 예쁘 ㄴ 건물 이 많 어. 로 보 ㄹ 수 있 었고, 비 ㄴ 건물 같 아 보이 지만 대부분 쉘들. 매우 아름답 은 건물 이 지만. 곳 이 많 지 않 을 것 이 고, 정말 많 은 볼 수 없습니다. 아마 가이드 투어 가 있 으면 더 유익 하 ㄴ, 몹시 싫어하 다 가이드 투어 를 하 였는데 - 그래서 저 의 옵션을 지원하지 않습니다. 완전 시간 낭비 하 지 않 는 것 같 은 느낌 이, 다시 방문 하 지 않 을 것. "
159,쉽게 수행할 수 있는 시간 수 있습니다. 단 $3USD. 좋 은 사진 을 찍 을 기회. 많 은 역사 유물 또는 표시 또는 않습니다. 건물 을 보 면 그 동안 좀 눌라움은. 
160,흐린 날 경복궁 에 가 있어서 사진을 찍기 좋은 곳. 한국 역사에 대해 알아야 할 가치가 있을 경우. 
161,"5 중 유럽 에서 마지막 나 ㄹ 우리 가 서울 에 있 는 고궁 경내 및 확인할 수 있습니다. 약 17:30 닫힘속도는 주 일찍 팰리스 문 앞 에 있 는 마지막 티켓 팅 시간 은 5:30, 매뉴얼 을 통하 여 하 ㄹ 수 있 도록 하 ㄹ 것. 한국 의 손님 들 이 없 었다. 다르 ㄴ 사람 들 이 모두 입구 에서는 티켓 사람 이 기 때문 에 차갑 은 느낌 이 없 었습니다. 로컬. 나 는 이 그룹 에 대하 여 설명 하 며 한국 엘이디를, 차갑 게 거절 하 였습니다. 따라서 윤리국 개선하는 데 도움이 되는 서비스 및 고객 서비스 가 한국 이 ㄴ 서비스 도 별로 이 었어요, 너무 나쁘 ㄴ 사람 이 기 때문 에 이곳 에 오 게 되 면 에서 기대.이 중 대부분 의 주요 관광지 를 관광 하 려고. 퀸스 가든 이 있 는 사랑 스럽 은, 좋 은 곳 이 ㄴ 작 은 박물관 이 다. 이 숙소 는 미로 같 은 작 은 공무원 이 기 때문 에 돌아다니 는 재미."
162,궁전의 정원에 있는 큰 필지 시내 중심에 있지만 건물들이 실망스러웠습니다. 그들은 새로 단장된 모습에 메인 빌딩을 흥미로운 방법이라 할 수 있지만 천장 및 지붕. 그곳에 있는 동안 안전요원의 변경은 흥미로운 문화 체험을 할 수는 있지만 방문하지 않으면 정말 시간 여유가 당신의 손. 
163,"할 수 있는 것이 이 커버 아리마를 지역은 그랜드 팰리스. 한 느낌이 들어서 생각을 하고 있는 외국인 관광객이 날 셀크랩을 에 다른 작은 것. 건물을 에워싼 수 있으며 모든 주요 팰리스 건물들로 꾸며진 내부로 이동한 스파르타.이동은 서울이 라고 생각 한다면, 될 것이지만 너무 많은 기대는 하지 않고는 깨끗한 궁전과 정원은."
164,"다른 언어 들이 가이드 투어에, 미리 시간 체크 해야 하지만, 그렇지 않은 경우에는 이 그리워 할 수 있습니다. 그렇지 않으면, 모든 팰리스 재구성되었습니다. 전혀 기대하지 않는 것. 나는 여러 건물에 그러고서는 안에 사람이 없었다. 그러나, 이 가을 도 궁전 근거는 아주 고요하고, 우리는 쉬는 곳에서 찾을 수 있고. 전체적인 풍경은 매우 평화로운. 그들의 전통적인 한국 여자들 도 자리를 빌려 입어, 스냅 사진에 있는 궁전이 있습니다. 하고 싶으면 역사에 대한. 하는 것이 좋을 가이드, 그렇지 않으면, 여러분이 이해할 수도 있습니다."
165,저는 창덕궁. 기업이 느껴졌다. 거대한 플랫폼 이벤트가 구성된 경우 악음. 기대하지 않는 위병 교대식 waht. 아주 disapponting
166,좋은 역사에도 치수 변경의 경비. 기차 (경복궁역 5번 출구) 를 통해 액세스할 수 있지만 데 너무 많은 시간을 하지 않습니다. 
167,안전 요원 들에 있어 많은 관광객들의 변경에 있어서 매우 혼잡하게 버스를 타고 있는 평화로운 장소란 어떤 합니다. 더 나은 경험을 한 다른 왕궁.
168,"1시간 탑스의. 우편을 통해. 몇 장의 사진을 가지고. 몇 해 signszip. 나는 사랑의 역사, 수천 의 사람들이 나는데 elbowing."
169,"경복궁 은 시내 중심에 거대한 궁전. 나는 지하철에 갔다. 불행하게도 나는 기다릴 수 없어 그냥 돌아다니기 때문에 대한 가이드 투어, 꽤 재미있고 교육을 받지 않은 없습니다. 할 수 있는 곳을 궁전 사진 활용하려는 고객을 위해 일관된 설명서를 참조하십시오. 또한 위병 교대식 이 하루에도 여러 번, 난, 이 곳의 하이라이트 이다. 제안: 올 시간을 오른쪽에 있는 가이드 투어 (언어에 따라) 큰 차이를 방문. 또한, 고궁 박물관 옆에 있는 좋은 기회가 있었지만 나는 대를 방문하지 않았다."
170,"여기 제가 아는 특이 했고, 아시아에 방문한 적이 있지만 다른 궁궐 - 예를 들어 베이징 - 이 곳은 확실히 공손함이. 여전히 흥미로운, 그리고 아름다운 건축은, 하지만 찾을 수 있는 변경다른 스타일입니다. 이는 아시아로의 첫 여행, 흥미로운 입니다."
171,"운이 좋게도 아름다운 궁전의 경비를 변경 프로세스. 일반 서울 관광 웹 사이트, 시간만 언급하게 10am, 하루에 3시간 이지만 가드 변경됩니다. 0 오전, 오후 3시 1."
172,"영역은 매우 큰 궁전, 어서 오는 길다. 오디오 가이드가 영어로, 어서 말해 모든 건물 및 세부 정보 게이트, 무엇이 목적 이고, 폐기 및 복구할 때, 하지만 나는 왕궁 의 일반적인 역사. 잘 보존된 아주 예쁜 건물, 아름다운 천장과 벽에 걸린 그림의 나무. 하지만, 모든 직원들은 서로 매우 유사합니다. 입력한 수 없습니다, windows를 통해 볼 수 있지만, 그들은 거의 비어 있다. 저도 최고의 연못과 정원. 건물에 가까이 갈 수 없을 수도 있는 연못, 하지만 이 뭔가 다른 거리에서 알 수 있다. 2시간 이상이 걸릴, 더운 날 였습니다. 이런 경우에 할, 잊지 말고 생수 한 병. "
173,"이 논쟁의 여지 없이 반드시 들려야 할 곳에 있는, 그 독특한 마천루 에 둘러싸여 있는 고대 궁전에 있습니다. 보기 contradictive 볼 수 있습니다. 유일한 단점은 건물 안에서 관광객들을 보면 건물. 나는 안 보고 같이 침실과 주방."
174,"다양한 정원이 잘 되어 있었고, 걷는 시간을 보낼 수 있기를. 저희는 걸으며, 우리의 역사를 읽고 좀 더 자세히 알아보십시오. 다만 내 인상은 모든 것이 매우 무피복... 하지만 이 좋은 조용한 거리. 저는 이것이 오히려 흥미로운 궁전. 멋진 풍경 아리마를 이상이 없습니다. "
175,볼 만한.너무 오래 되지.걸어갈 수 있는 경우 모든 영역 및 많은 궁전의 내리막 언덕 위...
176,"이곳에 있는 궁전, 방문이 할 수 있다. 그렇지 않으면 일본의 메이지 팰리스 베이징의 자금성 이나 클래식하고 훨씬 더 말할 수 없는 이야기."
177,"매우 깔끔한; 하지만, 한국 전쟁 이후 제거할 수 있는 거의 모든 원본, 이같은 효과를 하지 않았습니다."
178,"이 경우에 한국 기록합니다. 저는, 하지만 배운 많은 투어에 대한 한국, 공무원 등의 생활 환경은 물론 왕령. 이 놀라운 건축물, 세부의 그림이 인상적이었어요. 우리는 이곳에 만족."
179,"궁전의 정원은 매우 편안한 곳이 있습니다. 우리는 이곳에 와서 조금 붐비는 주말 이지만, 이 사람이 걷는 동안 정원 느낌이 되지 않았다. 이 궁전의 역사에 대해 할 수 있는 제한된 고객 정보. "
180,"경우가 다른 그랜드 임페리얼 팰리스, 임페리얼 팰리스 베르사유 나 같은 베이징, 였습니다. 잘 관리되고 있고, 사용할 수 있지만 더 컨텍스튜얼 설명."
181,"에 거기에 가서 4월 15일 하지만 일부 사쿠라 나뭇잎을 할 수 있는나는 다른 곳으로 가면 되는이곳은 거대한성 내부에는, 사람들은, 박물관도 빌려 입어 입구에 있습니다. 갔을 때는 많은 관광객들이내 자신의 의견. 나는 일본의 사원으로 또는 일본의 성여전히 서울에서 갈 곳을 관광"
182,"나는 짧은 시간에, 대개 에 좋은 낮 동안의 열. 궁전의 정원인 것 같습니다 (제가 생각할 수도 있다는). 근처에 있는 훌륭한 곳."
183,"가져올 수 있는, 모든 내부 마감 공사를 설치할 수 있습니다. 주변에 괜찮은 음식점 있지만 실망스러웠다. "
184,"절대적으로 큰 경복궁 은, 하지만 잠시 후 의 시작이 매우 유사한 건물. 첫 번째 부분은 가장 흥미로운 팰리스: 광화문 게이트, 큰 방은 정말 인상적인 정원과 포장 좌품천사. 3 또는 4에 첫 번째 건물이 매우 빠르게 보니 다른 곳도 빈 방이었는데 팰리스 건물 근처의 동일합니다. 유일한 관심은 과거의 초기 클러스터의 작은 호수와 정원 섬상의 건물 (뒤에 있는 주요 팰리스) 및 엔터테인먼트 공식 큰 파빌리온에서 서쪽으로 큰 호수인 궁전의 건물. 명확한 간판이 있어 찾기 위해 다음 이동. 나는 주위를 배회 하는 한 시간 반이나 더 많은 시간을 보낼 수도 있고 싶을 때. 저는 조금 실망이 대부분 빈 건물에서 볼 수 있는 궁 밖 - 힘들지 때 한국의 하나는 풍부한 역사를 한 건물과 방금. 창덕궁 을 더 주고 훨씬 예뻐. 이 위병 교대식 은 좋은 일이 정기적으로 표시하고, 한번에 물어 있는 궁 덕수궁."
185,"베이징에 있는 자금성 처럼, 또는 물이 있는 연못이 없이 스트리밍됩니다.잘 복원이. 4시간 방문 에 대해서 할 수 있을 경우 모든 숙소로 이동."
186,돌아다니기에 의상 들 은 놀라움을 또한 배우들이 방문하기. (이 아닙니다 원래의 건물은 집중할 수 있지만 것처럼 .)
187,"기본적으로 오래된 성이 있는 큰 뜰 엽니다. 수많은 여행객들의 수가 전체 운반차 량의 버스에서 하차. 많은 대규모의 단체, 일부 일치하는 모자와 티셔츠. 그늘이 많지 않아, 물을 좀 가지고 가면 우산, 모자, 선크림과. 메트로 역과 가까운 곳에 버스 정류장이 있다.전반적으로, 다시 오는 것을 먹고 있는 생강 치킨을 깨고 쇼핑 등의 내용이 수록되어 있습니다. "
188,"꽤 좋은, 하지만 좀 따분하고 어려운 경로를 통해 모든 것을 볼 수. 그는 많은 건물이 아. 나는 나보다 더 흥미로운 신체 내부에 외곽, 하지만, 물론, 이제 안으로 들어가 수 없습니다, 창문 만 할 수 있습니다.많은 학생들이 학교에 가 있는 견학, 짜증이 나긴 했지만 찾을 수 없습니다. 하는 생각이 드는 사진 속의 특성을 사용한 물건 찾기 게임, 재미있었습니다.불행하게도, 우리는 한 콘서트를 할 때에, 하지 않는 위병 교대식 을 볼 수 있는 :( "
189,오는 중에 서울에서 관광명소 목록의 맨 위에 있습니다. 저는 그냥 과대 광고 입니다. 때문인지 k 손흔들기. 입력하지 않아도 되는 성. 그냥 유지 성능 10am 밖에. 
190,"경우가 자금성 을 건너 말이 팰리스. 새로 건설된, 역사를 따라 걸으면 더 영화 같은 느낌이었습니다. 아마 백 년 동안 일부 문자 스테이징될 것입니다."
191,"아름다운 궁전 이, 조용하고 평화로운 한 화합물. 뒤에 기록할 때 좀더 장점은, 무료 여행 가이드에 티켓을 이용하실 수 있습니다. 어, 하고. 방문한 곳이기 때문에 더 편안한 아침이나 저녁. 우리는 정오가 가까운 봄 의 중심, 정말 그래, 태양은 그다지 좋은 우리: d."
192,"흥미롭고 정말 꼭 한번 가볼만한 곳도 없었지만 너무 많은 를 참조하십시오. 복잡한 거대한 궁전은 아름다운, 하지만."
193,"이 곳은 꽤 넓고, 깨끗하고 잘 관리된. 오래된 건물을 반영 생활 오래 전 한국의 리더의 왕."
194,많은 흥미로운 것이 아무것도 없는 궁전 볼 수 있습니다. 관광객이 많은 곳이다. 정말 할 때는 내부 계단이 배양물.
195,"충격을 받는 게 우리가 아무것도, 심지어는 원래 정문. 일본 제거할 모든 한국인들이 이것을 구축하기로 하고 두 번 90년대 - 또한 완전히 완료 도 아니다. 저는 모르는 그들 모두를 구축할 수 있는 년. 나는 매우 죄송합니다 - 하지만 다시 기록할 수 없습니다. 새로운 구축, 인상 - 나중에 사용할 수 있도록 기록. 하지만 이 마음에 들지 않는 가짜 팰리스, 산책도 좋은 공원이다."
196,"이는 매우 큰 궁전. 보통 가장 많이 인용이 아니지만 팰리스를 한시간 제한이 있는 경우 확인할 수 있습니다. 창덕궁 (unesco 사이트) 은 더 나은 선택이 균형. 최소한 이 두가지 를 구축하려는 경우, 비용을 절약할 수 있는 모든 팰리스 패스. "
197,"경복궁 의 첫 목적지로 가는 동안 한국 여행. 겨울이었지만, 매우 추웠습니다. 우리는 경비 세션 변경. 이곳은 꽤 넓었고 붐비지 않는 겨울"
198,이건 큰 산과 아름다운 궁전의 배경 (죄송합니다. 나의 이름은 산). 운 좋게도 때 입장료가 없었어요!
199,"이것은 가야 스펏 관광객과 합니다 가랫날 아름다운 궁전 에는 수천 명. 정말 횟수가 놀라운 의 건물과 호수, 나무들이 꽤 있습니다."
200,"고궁 은 장관, 크고 마제스틱. 좋은 장소의 역사를 배우 한국. 또한 역사적 관광지 잘 유지 간주됩니다. 하지만, 만약 역사나 문화, 그저 괜찮을 통과. "
201,"제 다른 리뷰에서 읽으면 한국의 궁궐, 그러면 인식하고 먼저 적이 없다면 일본 이나 중국 궁전 방문 다른 아시아. 만약, 당신이 실망 때문에 왕궁 의 웅장함이 부족한 아시아 이웃. 나는 ""두려움"" 인자는 없었어."
202,"많은 서울의 궁궐, 가장 쉽고 간편하게 방문 때문이에요. 경치 좋은 정원 에서의 산책, 위병 교대식 이, 좋은 건물... 모든 부분에서 만족할 만."
203,"저는 경복궁 으로 결정 (화요일 휴무 입니다). 그것은 완벽한 중앙에 있는 장식물 의 서울. 의 변경도 취소 되었지만 예식 경비는 싸늘하 다 정원 (을 첫날 눈이 다). 나는 조금 실망 했지만 결국 팰리스 착체를 참조하십시오. 저는 매우 조심을 밟는 미끄러운 정원 (부분도 제가 운동화 는 그립 지 않는 사람과 얼음). 제가 겨울에 성곽이 제안은 활동 작업이 취소됩니다. 겉단장 팰리스 서울은 현대. 그것은 고대와 현대 한국의 완벽한 믹스 가 그 모양. 저는 모험이 자유 투어 가이드를 제공하고 팰리스 혼자서 해결 시간 (보통 오후에). 정보 센터에 게이트가 큰 도움이 되었고 저는 매우 기쁘 팰리스. (정보 센터 직원 한국어, 중국어, 일본어, 영어)."
204,"이 궁전은 궁전 들의 그랜저 나 자금성 안 사원 앙코르와트 처럼. 아주 저렴합니다. 하지만 방문 가치 만 있다면 더 나은 아무것도 할 수. 여기 사원은 일본사람이 흥미롭지 않은, 중국. "
205,"딱 경우 관광 이고 궁전 보려면. 잘 칠한 건물들, 세부 사항, 및 이러한. 점심은 사람들과. 많은 사람들. 이 곳에서 마주치는 직원들은 실제로 한국 처럼 세련된 평소대로 - 왜. 모든 외국 인 합니다.에 모든 건물이 와이어 메쉬를 비둘기 턴오프 랩드, 지대 에는 배액술 힌지부와 많은 물에 젖은 통로 제조 및 이활성 (얼음!). 아름다운 거리에서 - ""기타"" 그냥 500 미터 팰리스 한 사진을 찾는다면 - 덕수궁 팰리스 - 그것은 훨씬 덜 붐비고 더 좋은 느낌이 들었습니다."
206,"이는 토치핸 팰리스 서울 만 했습니다. 전반적으로, 괜찮았어요, 특별한 것은 없지만 역사. 특히 박물관과 개구부에 월 아침에 잠깐 미리 보기 내용은 두번째 묵는건데요 보여 마음에 초기."
207,"그것은 비교적 쉽게 찾을 수 있는 궁 지하철. 우리는 새벽 2시에 적시에 보고의 변경은 보초 게이트. 입장료는 상당히 싸고. 그러나, 당신이 밖에서 분석하는 팰리스 건물 입력할 수 없습니다. 이는 실망스러웠는데 그게 낫 로 건물. 지 않았기 때문에 따르는 투어, 문화나 역사를 이해할 수 없었음 에 대한 설명을 읽거나 그곳을 한자 탑플레이트의 각 건물. 이곳은 비교적 큰 곳으로 아름다운 호수는 냉동 저희가 갔을 때. 떠나기 전, 3pm 의 변경은 경비도 볼 수 있었어요. 흥미로운 방문이었습니다."
208,"이 궁전은 그냥 빈 궁전. 본 팰리스, 투어 얻으십시오. 그렇지 않으면, 500 원에 살 수 있는 궁 브로셔. 오디오 가이드도 이용 가능합니다.거대한 영역에서 딱히 보 요홈부의 생성하는 데 사용하는 팰리스, 많이 망가져서 다시 재구성 되고 첫 번째 타이머 인해 가아드 활선작업자가 결혼식.그렇지만, 눈 오프너 를 거의.저는 12월에 갔는데, 이 곳은 저도프 머드 및 눈물, 아 꽤 더러운 신발을 물론 당신의 다리 (청바지). 또한 점에 는 루프 구성되는 옛날 처럼, 그들은 아래쪽 경사 지붕, 따라서 눈물 (얼음) 을 밀어 드롭다운, 좀 조심하세요 특히 아일 궁전."
209,"이 리뷰가 도움에 다소 이러한 읽기. 그러더니 그 위병 교대식, 었는데 순물질, 그리고 박물관 안 인근, 궁 안으로 들어가 보지는 않았지만 (다고 생각합니다 나 조금 비싼 가격만큼 시간). 그 위병 교대식 은 인기 관광지, 나는 생각이 이 안내서에서는 - 그건 정말 괜찮은 경험이었다. 약 20 분을 바꾸면 제대로 기억."
210,"우리는 늦은 가을 아침 11 시경. 날씨는 좋지만 바람이 매우 강한.북촌 한옥 마을에서 우리는, 우리가 하루를 묵었습니다. 20분 정도 걸렸고. 만약 외국인이라면 혼자서 자신의, 그중 최고 방문하는 무료 가이드 투어. 우리 내외가 우리가 없이는 우리는 이 여행과 후회, 주어진 크기고, 복수 너 에게 이 곳의 역사적 사실과 정확한 위치도 어떤 정보. 우리 자신을 잃어버린 시간, 종료 하다 어떤 정원, 궁전과 국립 민속 박물관은 하나가 크고 둥글고 나와서 입구.계획보다 궁전 방문, 시행을 조합 표, 경복궁 이 커버, chandeukgung, chanseukgung (만약 실수) 덕수궁, 종묘 KRW10k 있고 (저는 리콜 저렴한 티켓 으로 KRW2k 낮춤)해야. 서울에서 숙박하는 동안, 우리가 할 가장, 겨우 방문이 없고, 따라서 chandeukgung 및 종묘 조합 표 갖 여긴아니에요. 편리하게 었다.Chandeukgung 한다면, 이 약 20분 거리에 있어서 더욱 재미."
211,"팰리스 는 고함 소리, 한국 처럼 역사 기념물, 최근 다시 었는데, 통면을 했지만, 영어를, 너무 정중하게 즐거운 시간을 아주 독특하고"
212,"춥고 비오는 날 갔다, 하지만 우린 여전히 궁전 근거를 걸었습니다. 저희는 투어 가이드, 그래서 이 없었더라면 역사 뒤에 우리는. 추천하고 싶은 경우가 점점 투어 가이드."
213,하나의 궁에서 볼 수 있는 컴파운드. 객실 앞 연못 물고기를 볼 수 있습니다. 누가 보면 모르는 우리... 하지만 대부분의 궁전은 외부 만 보기
214,"이것은 서울에서 가장 큰 궁전. 하지만, 단체 관광객들로 초만원 이고. 덜 바쁜 기간 동안에 적극 추천하는 분위기."
215,이 곳은 그랜드 팰리스 의 모든 조각 나무 꽤. 경복궁 가 바로 킹 에 앉아. 넌 원래 자리에 앉아 볼 수 있는 왕 한국에서.또한 가드 밖에 서 문 운이 좋으면 을 보고 어떤 기하학 정문이 변경되어.
216,"경복궁 가장 팰리스 서울, 나의 생각과 대규모의 모든 구조가 지. 하지만. 제 생각에는 다른 궁궐 이 훨씬 더 재미있는. 경복궁 느낌을 씌우는 너무 많은 방문자가. 조경 에 있지 항세균제를 여기장, 말, 창덕궁, 자연과 조화를 이루었다. 추천하고 싶은 이 궁전을 방문하고 그랜저 가아드 활선작업자가 의식, 그리고 서울에 다른 궁궐."
217,"이것은 서울에서 가장 큰 궁전. 제 생각엔, 가장 아름다운 일입니다. 창덕궁 이 좋다. 레이아웃의 건물은 창덕궁 의 미학 은. 조경은 주목할 정도. 하지만 경비는 매일 변경 표시를 계속 방문자 치합. 좋은 산책."
218,좋은 를재구성. 우리는 경비에 10am 변경의 우리가 가장 장관. 그것은 모두 좋은 장소 그리고 멋진 배경 사진을 찍기에. 영어 투어 한 세부 하지만.
219,"문화의 영혼 에 관심 있으신 서울, 그 궁전의 방문 하다. 위병 교대식, 아름다운 정원, 복잡한 건물 디자인과 매우 아름다운 모든 추가 재미 방문 - 약 2시간 다. 하고 너무 많은 사람들이 지하철에서 쉽게 지역을. 또한 이 근처 청와대, 여기서 한국 대통령 상주하는."
220,아주 아름다운 궁전은 매우 조용한 느낌. 정말 가치 있는 방문. 매우 역사. 직원들은 매우 협조적이었습니다. 
221,호텔은 크지만 그다지 내부 참조. 아니면 짧은 여행으로 추천합니다. 아니면 그냥 사진은 정문.
222,"나는 실제로 로 들어가 착체 (다른 궁궐 창덕궁 이었어요) 이지만 외관은 정말 좋은 나의 어떤 요원 을 봅니다 정말 멋진 경험을, 나는 볼 수 있는 주위에 고집 추천!"
223,"이 궁전은 오래된, 그리고 의외로 작은. 아마 제가 그냥 너무 많이 본 장소로. 나는 눈에 띄는 곳이 있어 더욱 의미가 아닌 합니다. 관광 목적으로. 하지만 건물의 파사드 재미있다. 좋은 한 시간. 아니면 시스템 이다. 방문 수 없습니다."
224,서울에서 두 시간을 보낼 좋은 방법. 가이드 투어는 필수 니까 이 아닌 간판이 나 워킹 맵 수도 자기 가이드 투어. 착체가 거대한 투어 가이드 없이는 뭐 지금 보시는 슬라이드는 가 없습니다. 준비 많이 워킹. 재미있는 모양의 임페리얼 코트에 한식 장진호 다이너스티.
225,아닙니다 사람을 좋아하지만 역사적 건물로 만약에 구경을 한 곳에서!
226,"사 입구 티켓 과 3000 kw 영어 투어. 이 다르 ㄴ 언어 로 availabilities 에 따르 지만. 투어 가이드 가 대부분 이 고 경복궁 을 지속 하 ㄴ 시간, 나아지 긴 하지만 부분 적 으로 원인 의 일부 우리 는 비오 는 날씨.사진, http 방문 하 ㄹ: // nkikichua. blogspot. Sg/2014/03 / 숙소 서울 대한 일상적인 - 2.html :) "
227,"이상한 장소입니다. 우선 완전히 제거할 일본 (전 항상), 겨우 시작이 90년대 로드핸들러 - 약 20 년 전 일 때문에 전체 (및 아직도 건물 추가) 과 완전히 비었었어도. 다음은 한국의 카피 처럼 보이는데 베이징 자금성. 이 점을 고려하여 이 여전히 흥미로운 방문 때 생각은 어떻게 원래 궁전 할것 같았다, 싶으시다면 창덕궁은 추천하고 싶은, 더, 더 아름다운 정통."
